index,Object,Close-Approach (CA) Date (TDB)YYYY-mmm-DD HH:MM ± D_HH:MM,CA DistanceNominal(LD/AU),CA DistanceMinimum(LD/AU),Vrelative(km/s),Vinfinity(km/s),Nsigma,H(mag),ref,class
0,(2015 TC25),2017-Mar-26 14:51 ±   00:06,7.63/0.01961,7.59/0.01951,3.31,3.27,314000.0,29.5,10,APO*
1,(2017 FL63),2017-Mar-26 23:14 ±   00:01,4.16/0.01070,4.12/0.01060,17.29,17.28,240.0,26.1,1,APO*
2,(2017 FF3),2017-Mar-27 03:21 ±   00:02,5.75/0.01477,5.74/0.01474,2.89,2.83,812.0,26.9,2,APO*
3,(2017 FK3),2017-Mar-27 20:49 ±   00:01,9.08/0.02333,8.99/0.02310,8.93,8.91,202.0,26.1,1,APO*
4,215588 (2003 HF2),2017-Mar-28 19:43 ±,16.61/0.04268,16.61/0.04268,22.89,22.89,75200.0,19.4,59,APO*
5,(2017 FV),2017-Apr-02 03:42 ±   00:01,9.02/0.02317,8.94/0.02296,14.16,14.15,259.0,24.3,4,APO*
6,(2017 EB3),2017-Apr-04 06:11 ±   00:02,13.75/0.03532,13.68/0.03515,4.26,4.24,327.0,25.0,5,APO*
7,(2017 DC38),2017-Apr-05 23:04 ±,14.58/0.03746,14.55/0.03740,6.46,6.45,1360.0,24.5,11,AMO*
8,(2014 UR),2017-Apr-19 05:34 ±,18.74/0.04817,18.74/0.04817,4.39,4.38,4600000.0,26.6,24,ATE*
9,(2014 JO25),2017-Apr-19 12:24 ±,4.57/0.01175,4.57/0.01175,33.56,33.55,102000.0,18.1,21,APO*
10,(2015 VD1),2017-May-07 23:07 ±   01:58,17.89/0.04598,16.08/0.04133,10.51,10.5,42500.0,25.1,11,APO*
11,(2017 CS),2017-May-29 15:45 ±   00:02,7.93/0.02037,7.92/0.02035,9.13,9.12,23700.0,19.4,23,APO*
12,418094 (2007 WV4),2017-Jun-01 12:09 ±,7.96/0.02045,7.96/0.02045,23.24,23.23,84000.0,19.3,42,APO*
13,(2010 VB1),2017-Jun-16 05:20 ±   00:02,10.21/0.02624,10.21/0.02622,8.33,8.32,134000.0,23.2,16,APO*
14,471984 (2013 UE3),2017-Jun-18 21:16 ±,19.03/0.04890,19.03/0.04889,7.69,7.68,182000.0,22.7,31,APO*
15,441987 (2010 NY65),2017-Jun-24 06:38 ±,7.89/0.02028,7.89/0.02028,12.68,12.67,9100000.0,21.5,67,ATE*
16,(2017 BS5),2017-Jul-23 19:19 ±,3.16/0.00812,3.12/0.00801,5.81,5.75,19000.0,24.1,5,APO*
17,(2014 OA339),2017-Aug-13 13:45 ± 1_06:31,12.66/0.03252,11.54/0.02964,10.12,10.11,53500.0,24.4,5,APO*
18,3122 Florence,2017-Sep-01 12:06 ±,18.38/0.04724,18.38/0.04724,13.53,13.53,447000.0,14.1,359,AMO*
19,(2014 RC),2017-Sep-11 14:20 ±   00:07,15.10/0.03881,15.06/0.03870,8.92,8.92,78300.0,26.8,22,APO*
20,(1989 VB),2017-Sep-29 19:58 ±   00:04,7.88/0.02024,7.87/0.02023,6.29,6.27,19400.0,19.7,12,APO*
21,(2012 TC4),2017-Oct-12 05:45 ±   04:59,0.13/0.00034,0.03/8.8e-05,7.62,6.52,11500.0,26.7,23,APO*
22,(2005 TE49),2017-Oct-14 05:31 ±   05:57,4.40/0.01131,3.23/0.00831,10.44,10.42,1220.0,26.7,6,ATE*
23,(2013 UM9),2017-Oct-15 09:09 ± 1_23:36,15.33/0.03939,7.12/0.01830,7.67,7.66,6410.0,24.8,6,APO*
24,(2006 TU7),2017-Oct-18 21:22 ±,18.60/0.04780,18.60/0.04780,13.26,13.26,505000.0,21.9,20,ATE*
25,171576 (1999 VP11),2017-Oct-22 11:02 ±,5.77/0.01483,5.77/0.01483,21.2,21.19,24600.0,18.6,55,APO*
26,(2003 UV11),2017-Oct-31 03:01 ±,14.97/0.03847,14.97/0.03847,24.52,24.52,2160000.0,19.5,52,APO*
27,444584 (2006 UK),2017-Nov-17 21:09 ±,8.66/0.02226,8.66/0.02226,14.8,14.79,239000.0,20.2,48,APO*
28,(2010 VD139),2017-Nov-29 07:47 ± 3_06:39,4.94/0.01270,4.89/0.01255,5.68,5.64,132000.0,26.2,8,ATE*
29,(2008 WM61),2017-Dec-03 06:33 ± 2_23:48,3.83/0.00983,3.09/0.00793,4.69,4.63,339000.0,26.7,12,APO*
30,(2015 XX169),2017-Dec-14 00:07 ±,9.71/0.02494,9.71/0.02494,6.25,6.23,86400.0,27.5,6,APO*
31,(2011 YD29),2017-Dec-19 05:41 ±   20:56,19.26/0.04949,10.96/0.02815,7.84,7.83,14300.0,26.3,4,ATE*
32,(2006 XY),2017-Dec-19 19:21 ± 1_19:10,5.90/0.01516,2.78/0.00714,4.93,4.89,161000.0,24.0,14,APO*
33,418849 (2008 WM64),2017-Dec-22 10:15 ±,15.25/0.03918,15.25/0.03918,17.38,17.38,540000.0,20.7,37,APO*
34,(2015 YQ1),2017-Dec-22 14:18 ±   00:14,17.10/0.04393,16.54/0.04251,11.13,11.12,57200.0,28.0,7,APO*
35,306383 (1993 VD),2018-Jan-22 18:58 ±,14.32/0.03680,14.32/0.03679,17.4,17.4,118000.0,21.5,29,ATE*
36,(2002 CB19),2018-Feb-02 22:38 ±   18:56,10.30/0.02646,9.70/0.02493,15.61,15.61,30200.0,25.0,11,APO*
37,276033 (2002 AJ129),2018-Feb-04 21:31 ±,10.95/0.02813,10.95/0.02813,34.04,34.04,126000.0,18.7,57,APO*
38,(2015 BN509),2018-Feb-09 19:59 ±,12.84/0.03298,12.84/0.03298,17.72,17.71,680000.0,20.7,45,APO*
39,(1991 VG),2018-Feb-11 21:19 ±   00:12,18.36/0.04717,18.32/0.04707,2.05,2.02,105000.0,28.5,9,APO*
40,(2014 WQ202),2018-Feb-11 23:34 ±   01:30,14.84/0.03812,12.18/0.03130,19.74,19.74,829.0,23.8,7,ATE*
41,(2016 CO246),2018-Feb-22 04:45 ±,15.21/0.03910,15.21/0.03909,5.38,5.37,269000.0,26.1,11,APO*
42,(2017 DR109),2018-Feb-24 05:22 ±   00:21,3.72/0.00956,3.29/0.00846,7.37,7.33,39100.0,27.6,1,ATE*
43,(2016 FU12),2018-Feb-26 21:52 ±   02:17,13.15/0.03380,12.48/0.03207,4.51,4.49,415.0,26.9,3,APO*
44,(2014 EY24),2018-Feb-27 03:01 ±   00:20,14.74/0.03786,14.71/0.03779,8.02,8.01,328000.0,24.1,18,APO*
45,(2015 BF511),2018-Feb-28 15:25 ±   21:24,11.46/0.02946,8.09/0.02080,5.76,5.74,84200.0,24.8,11,APO*
46,(2003 EM1),2018-Mar-07 03:23 ±   00:10,16.67/0.04284,15.83/0.04066,7.98,7.97,25800.0,24.5,13,ATE*
47,(2015 DK200),2018-Mar-10 08:16 ± 1_00:54,7.12/0.01830,5.73/0.01473,8.0,7.99,411000.0,25.6,10,APO*
48,(2017 FZ2),2016-Mar-24 01:47 ±   00:04,7.59/0.01951,7.47/0.01919,7.94,7.92,144000.0,26.7,2,ATE*
49,(2016 EQ1),2016-Mar-24 04:47 ±,8.29/0.02131,8.27/0.02126,5.7,5.68,754.0,26.3,14,APO*
50,(2016 GF1),2016-Mar-24 12:55 ±,11.23/0.02886,11.20/0.02878,8.19,8.18,618.0,26.0,7,APO*
51,(2016 GH134),2016-Mar-25 04:41 ±,12.94/0.03326,12.88/0.03310,19.52,19.52,763.0,22.6,4,APO*
52,(2016 FW3),2016-Mar-25 05:20 ±,8.41/0.02160,8.39/0.02156,8.75,8.73,1030.0,25.5,8,APO*
53,455148 (1994 UG),2016-Mar-25 07:31 ±,17.28/0.04441,17.28/0.04441,7.38,7.37,904000.0,21.1,68,APO*
54,(2016 FU6),2016-Mar-25 19:19 ±   00:01,0.47/0.00120,0.46/0.00119,10.27,10.05,1310.0,28.9,2,APO*
55,(2016 FG14),2016-Mar-25 21:50 ±,17.29/0.04443,17.09/0.04390,12.75,12.74,175.0,26.2,4,ATE*
56,(2016 GF135),2016-Mar-26 09:51 ±   00:01,10.86/0.02791,10.74/0.02759,7.7,7.69,578.0,26.2,4,APO*
57,(2016 GK135),2016-Mar-26 13:53 ±   00:05,8.00/0.02057,7.98/0.02050,2.48,2.43,509.0,28.1,5,ATE*
58,(2016 GD2),2016-Mar-27 01:31 ±,16.19/0.04160,16.03/0.04120,8.43,8.43,195.0,26.5,3,APO*
59,(2016 GK2),2016-Mar-27 01:34 ±,3.07/0.00788,3.06/0.00786,9.38,9.35,727.0,27.7,7,APO*
60,(2016 FA14),2016-Mar-28 06:32 ±,1.65/0.00424,1.65/0.00423,15.24,15.2,772.0,27.2,5,APO*
61,(2016 GV),2016-Mar-28 06:41 ±,14.72/0.03783,14.64/0.03761,15.79,15.78,373.0,24.8,4,APO*
62,(2016 GU2),2016-Mar-28 09:12 ±,11.09/0.02849,11.06/0.02842,38.57,38.57,1860.0,24.0,6,APO*
63,(2016 FE15),2016-Mar-28 14:18 ±,0.70/0.00180,0.70/0.00180,12.29,12.17,709.0,28.8,4,APO*
64,(2016 FF14),2016-Mar-28 21:56 ±,2.36/0.00607,2.36/0.00607,9.86,9.82,1430.0,27.1,5,APO*
65,(2016 GC),2016-Mar-29 00:58 ±,7.38/0.01897,7.35/0.01889,8.17,8.15,454.0,26.5,5,APO*
66,(2016 EK156),2016-Mar-29 09:09 ±,14.04/0.03609,13.97/0.03590,9.47,9.46,364.0,24.7,8,APO*
67,(2016 GV1),2016-Mar-29 09:46 ±,12.97/0.03333,12.95/0.03328,10.31,10.3,1170.0,24.3,9,APO*
68,(2016 BC14),2016-Mar-29 13:45 ±,9.79/0.02517,9.79/0.02516,6.29,6.27,12300.0,20.9,41,ATE*
69,(2008 BX2),2016-Mar-30 02:40 ±,19.13/0.04916,19.13/0.04916,8.53,8.52,140000.0,23.6,20,ATE*
70,(2016 FL14),2016-Mar-30 17:35 ±,12.10/0.03110,12.08/0.03104,11.44,11.43,908.0,25.9,3,APO*
71,(2010 GD35),2016-Mar-31 11:24 ±,17.42/0.04475,17.41/0.04475,11.25,11.24,34000.0,24.5,9,ATE*
72,(2016 GS134),2016-Apr-01 05:56 ±,0.52/0.00133,0.52/0.00133,11.24,11.06,1010.0,27.7,8,APO*
73,(2016 FC13),2016-Apr-01 11:59 ±,12.83/0.03297,12.83/0.03297,21.93,21.93,262000.0,22.0,11,APO*
74,(2016 GG1),2016-Apr-02 20:42 ±,12.20/0.03135,12.16/0.03125,5.63,5.62,550.0,26.6,8,AMO*
75,(2016 GG134),2016-Apr-02 23:48 ±,18.14/0.04662,18.07/0.04643,8.41,8.41,440.0,25.5,5,AMO*
76,(2016 FB13),2016-Apr-03 01:34 ±,1.23/0.00317,1.23/0.00317,18.06,18.01,3070.0,26.6,6,APO*
77,(2016 GY2),2016-Apr-03 11:56 ±,4.33/0.01112,4.31/0.01108,9.96,9.93,565.0,26.1,2,ATE*
78,(2016 HF),2016-Apr-03 21:14 ±,17.59/0.04520,17.57/0.04516,5.99,5.98,3000.0,25.0,8,AMO*
79,(2016 FX7),2016-Apr-03 21:51 ±,10.08/0.02589,10.05/0.02582,7.78,7.77,670.0,26.8,6,APO*
80,(2016 GN134),2016-Apr-04 13:52 ±,0.15/0.00038,0.15/0.00038,13.9,13.39,1900.0,30.2,3,APO*
81,(2016 FW13),2016-Apr-05 02:21 ±,0.82/0.00210,0.82/0.00210,10.46,10.34,1150.0,29.5,5,APO*
82,(2016 GH1),2016-Apr-05 07:16 ±,2.15/0.00551,2.14/0.00551,5.4,5.31,4030.0,27.5,3,APO*
83,(2016 GE1),2016-Apr-05 11:29 ±,1.38/0.00356,1.38/0.00355,10.05,9.98,2950.0,26.6,5,APO*
84,(2016 EV27),2016-Apr-06 19:19 ±,14.99/0.03852,14.99/0.03851,12.88,12.88,7000.0,23.4,24,APO*
85,(2016 GO206),2016-Apr-06 20:02 ±   00:02,0.86/0.00220,0.85/0.00220,22.54,22.48,1320.0,26.3,4,APO*
86,(2016 JO5),2016-Apr-06 22:58 ±   00:06,15.78/0.04054,15.73/0.04043,9.53,9.52,1110.0,23.4,6,APO*
87,(2016 FT13),2016-Apr-07 06:21 ±,9.81/0.02520,9.78/0.02514,13.44,13.43,880.0,26.5,4,APO*
88,(2016 GH3),2016-Apr-08 01:41 ±,7.85/0.02017,7.84/0.02015,5.65,5.62,1940.0,27.2,10,AMO*
89,(2016 GF2),2016-Apr-08 03:22 ±,4.61/0.01185,4.59/0.01179,13.03,13.02,392.0,26.7,5,APO*
90,(2016 GO134),2016-Apr-08 19:34 ±,0.86/0.00222,0.86/0.00221,15.26,15.18,904.0,27.6,2,APO*
91,(2016 GC207),2016-Apr-09 09:13 ±,12.67/0.03256,12.63/0.03246,8.29,8.28,554.0,26.7,3,AMO*
92,(2016 GK134),2016-Apr-09 11:57 ±,5.23/0.01343,5.21/0.01338,11.32,11.3,541.0,27.3,3,APO*
93,(2016 FG39),2016-Apr-10 08:22 ±,4.44/0.01141,4.42/0.01136,7.65,7.62,461.0,26.9,5,APO*
94,(2016 GW220),2016-Apr-10 23:41 ±,5.66/0.01455,5.65/0.01452,13.24,13.22,1300.0,26.8,6,APO*
95,(2016 FV13),2016-Apr-11 00:13 ±,1.81/0.00465,1.81/0.00465,10.96,10.91,24200.0,25.8,11,APO*
96,(2016 GU),2016-Apr-11 09:46 ±,2.69/0.00691,2.69/0.00691,10.34,10.3,4060.0,25.7,11,APO*
97,363599 (2004 FG11),2016-Apr-11 16:39 ±,19.29/0.04956,19.29/0.04956,24.51,24.51,3120000.0,21.0,59,APO*
98,(2016 GX220),2016-Apr-12 07:19 ±,3.15/0.00808,3.14/0.00808,4.42,4.34,2880.0,28.8,3,APO*
99,(2016 HB),2016-Apr-12 11:17 ±,10.57/0.02717,10.56/0.02712,7.92,7.91,1140.0,24.4,11,APO*
100,(2016 JB18),2016-Apr-13 03:23 ±   00:14,1.32/0.00338,1.31/0.00337,3.45,3.22,947.0,27.3,12,APO*
101,(2005 GR33),2016-Apr-13 03:28 ±,7.72/0.01985,7.72/0.01985,15.87,15.87,210000.0,22.1,25,ATE*
102,(2016 GC134),2016-Apr-13 05:55 ±,9.04/0.02323,9.01/0.02315,4.75,4.72,455.0,26.2,6,APO*
103,(2016 FL12),2016-Apr-13 08:58 ±,9.56/0.02457,9.53/0.02450,5.83,5.81,596.0,26.3,12,APO*
104,(2016 GD222),2016-Apr-13 17:50 ±,6.69/0.01720,6.68/0.01716,8.72,8.7,804.0,25.9,7,APO*
105,(2016 FS14),2016-Apr-14 16:03 ±,13.72/0.03525,13.69/0.03517,8.27,8.26,792.0,25.2,7,AMO*
106,(2016 GC221),2016-Apr-15 00:34 ±,13.38/0.03439,13.35/0.03432,13.67,13.67,948.0,24.8,5,APO*
107,(2016 HT6),2016-Apr-15 14:26 ±   00:23,5.21/0.01340,5.10/0.01311,10.76,10.74,94.3,25.7,3,APO*
108,(2016 GE134),2016-Apr-15 15:41 ±,16.69/0.04288,16.67/0.04283,4.52,4.5,1570.0,25.1,17,AMO*
109,(2016 FL13),2016-Apr-15 16:57 ±,9.74/0.02504,9.73/0.02499,11.99,11.99,1270.0,25.4,14,APO*
110,(2016 GP206),2016-Apr-16 04:59 ±,17.36/0.04460,17.27/0.04437,9.7,9.69,375.0,25.2,3,APO*
111,(2008 HU4),2016-Apr-16 09:31 ±,4.94/0.01269,4.94/0.01269,1.44,1.28,275000.0,28.3,23,APO*
112,(2016 GM2),2016-Apr-16 15:55 ±,12.63/0.03245,12.60/0.03238,9.23,9.22,794.0,25.1,12,APO*
113,(2016 FY12),2016-Apr-17 19:16 ±,5.85/0.01503,5.84/0.01500,13.29,13.27,1040.0,26.1,7,APO*
114,(2016 GP221),2016-Apr-18 06:21 ±,1.54/0.00396,1.54/0.00395,19.79,19.75,1450.0,25.9,5,APO*
115,(2016 FN13),2016-Apr-19 00:40 ±   00:01,13.93/0.03579,13.90/0.03571,3.52,3.5,753.0,27.2,5,AMO*
116,(2016 GY221),2016-Apr-19 15:42 ±,15.16/0.03896,15.13/0.03887,8.18,8.18,764.0,24.5,8,AMO*
117,(2016 JH),2016-Apr-20 00:50 ±   00:03,15.75/0.04048,15.70/0.04035,3.57,3.56,471.0,27.1,3,AMO*
118,(2016 JR5),2016-Apr-20 20:58 ±   00:02,15.77/0.04053,15.69/0.04032,9.53,9.52,359.0,25.0,3,APO*
119,(2016 GB222),2016-Apr-21 02:25 ±,4.42/0.01136,4.41/0.01134,11.58,11.56,926.0,26.8,8,APO*
120,(2016 GC1),2016-Apr-21 10:51 ±,8.83/0.02269,8.81/0.02263,8.36,8.35,625.0,26.5,9,APO*
121,(2016 HF2),2016-Apr-21 14:27 ±,4.62/0.01188,4.62/0.01186,6.24,6.21,1290.0,26.1,12,ATE*
122,(2016 GZ220),2016-Apr-21 19:33 ±,10.12/0.02600,10.09/0.02592,8.43,8.42,598.0,26.2,10,APO*
123,(2016 GV221),2016-Apr-21 23:01 ±,8.56/0.02198,8.54/0.02193,8.91,8.89,804.0,24.9,12,APO*
124,(2016 HA),2016-Apr-22 08:57 ±,6.49/0.01667,6.47/0.01663,12.35,12.34,768.0,26.2,7,APO*
125,(2016 GD207),2016-Apr-22 10:28 ±,4.43/0.01139,4.42/0.01136,6.33,6.29,647.0,25.8,9,APO*
126,(2016 FH12),2016-Apr-23 00:15 ±   00:04,7.87/0.02023,7.76/0.01995,8.71,8.7,408.0,26.7,4,APO*
127,(2016 JW5),2016-Apr-23 02:22 ±,13.69/0.03518,13.69/0.03517,13.66,13.65,5920.0,21.9,20,APO*
128,(2016 GC222),2016-Apr-24 00:21 ±,13.96/0.03587,13.78/0.03541,9.78,9.77,148.0,25.7,5,APO*
129,(2016 GW221),2016-Apr-24 07:54 ±,15.55/0.03996,15.52/0.03989,4.99,4.98,901.0,24.8,22,ATE*
130,(2016 HO),2016-Apr-24 12:29 ±,2.10/0.00540,2.10/0.00540,4.78,4.67,16100.0,25.7,8,APO*
131,(2016 JX5),2016-Apr-24 13:15 ±   00:03,6.71/0.01725,6.69/0.01718,6.95,6.92,453.0,27.0,4,APO*
132,(2016 JA),2016-Apr-24 22:35 ±,2.89/0.00741,2.88/0.00740,7.41,7.36,1080.0,27.6,13,APO*
133,467351 (2003 KO2),2016-Apr-25 00:21 ±,17.89/0.04598,17.89/0.04598,16.27,16.27,663000.0,20.5,57,ATE*
134,(2016 HX23),2016-Apr-25 08:23 ±   00:18,2.93/0.00753,2.87/0.00738,13.87,13.85,107.0,27.0,3,APO*
135,(2016 FY3),2016-Apr-25 11:48 ±,6.35/0.01632,6.35/0.01632,20.69,20.68,672000.0,21.3,35,APO*
136,(2016 HF19),2016-Apr-28 00:11 ±   00:02,15.77/0.04053,15.75/0.04048,2.69,2.66,1140.0,26.5,24,ATE*
137,(2016 HY23),2016-Apr-28 00:52 ±   00:03,6.55/0.01682,6.52/0.01676,7.3,7.28,517.0,26.9,2,AMO*
138,(2016 JU5),2016-Apr-28 12:36 ±   00:02,5.50/0.01414,5.32/0.01366,18.8,18.79,69.4,26.1,2,APO*
139,(2016 JN38),2016-Apr-30 02:27 ±   02:05,1.28/0.00329,1.15/0.00295,19.79,19.75,27.6,29.1,2,APO*
140,(2016 JY5),2016-Apr-30 04:29 ±,2.88/0.00740,2.87/0.00738,6.42,6.37,1160.0,27.1,6,APO*
141,(2008 PR9),2016-Apr-30 19:29 ±,15.23/0.03913,15.23/0.03912,14.09,14.09,119000.0,22.5,10,ATE*
142,(2016 FP12),2016-Apr-30 21:40 ±,19.24/0.04944,19.18/0.04928,5.02,5.01,657.0,25.6,5,APO*
143,(2016 HK),2016-May-01 01:28 ±,4.65/0.01195,4.65/0.01195,7.59,7.56,168000.0,24.8,13,ATE*
144,(2014 US115),2016-May-01 01:55 ±   02:12,9.42/0.02420,7.42/0.01907,9.61,9.6,5500.0,24.6,9,APO*
145,(2016 HO2),2016-May-01 07:41 ±,16.77/0.04308,16.71/0.04293,6.02,6.01,483.0,26.0,6,AMO*
146,(2016 JA6),2016-May-02 03:45 ±,2.52/0.00648,2.52/0.00648,11.23,11.19,2980.0,26.3,15,APO*
147,(2016 HP6),2016-May-02 03:54 ±,8.90/0.02286,8.88/0.02282,5.96,5.94,906.0,25.5,6,APO*
148,(2016 HD3),2016-May-02 06:09 ±,2.19/0.00564,2.19/0.00564,6.89,6.82,205000.0,28.0,15,ATE*
149,(2016 JZ5),2016-May-02 07:47 ±,3.04/0.00781,3.04/0.00780,7.82,7.78,1690.0,27.0,4,APO*
150,(2002 CX58),2016-May-03 01:15 ±,19.00/0.04883,19.00/0.04883,11.62,11.61,8770000.0,22.3,25,APO*
151,444584 (2006 UK),2016-May-03 15:45 ±,17.81/0.04577,17.81/0.04577,16.22,16.22,633000.0,20.2,48,APO*
152,(2016 JX24),2016-May-04 00:09 ±,3.91/0.01005,3.90/0.01003,6.02,5.97,620.0,25.4,6,ATE*
153,(2016 JB),2016-May-04 10:29 ±,4.09/0.01052,4.09/0.01051,5.78,5.74,3570.0,27.1,12,ATE*
154,(2016 HN),2016-May-04 21:33 ±,12.35/0.03174,12.35/0.03174,11.67,11.66,165000.0,22.6,17,APO*
155,388945 (2008 TZ3),2016-May-05 10:39 ±,13.13/0.03373,13.13/0.03373,9.65,9.64,1110000.0,20.4,81,APO*
156,(2016 JS5),2016-May-05 22:47 ±,0.53/0.00136,0.53/0.00135,16.08,15.96,6030.0,30.7,3,APO*
157,(2016 JX11),2016-May-07 02:48 ±,8.73/0.02243,8.71/0.02239,17.9,17.9,1270.0,24.9,4,APO*
158,(2016 JU28),2016-May-07 10:48 ±,6.23/0.01600,6.19/0.01592,8.13,8.11,366.0,27.7,3,ATE*
159,(2014 JG55),2016-May-08 00:32 ±   15:55,7.61/0.01956,0.82/0.00210,10.55,10.54,3.35,29.2,3,APO*
160,(2016 JP17),2016-May-08 06:45 ±,12.06/0.03100,12.05/0.03096,11.59,11.58,1920.0,23.1,19,APO*
161,(2016 HH19),2016-May-08 09:01 ±,16.01/0.04113,15.94/0.04095,9.03,9.02,412.0,26.5,6,AMO*
162,(2016 JC6),2016-May-08 16:25 ±,12.80/0.03290,12.80/0.03290,5.69,5.68,1260000.0,21.3,34,ATE*
163,(2016 JX28),2016-May-08 21:39 ±,14.32/0.03681,14.29/0.03672,10.49,10.48,880.0,24.6,10,APO*
164,(2016 JG29),2016-May-09 00:54 ±,4.90/0.01258,4.88/0.01254,14.63,14.62,561.0,25.4,5,APO*
165,(2016 JQ5),2016-May-09 09:49 ±,1.57/0.00404,1.57/0.00404,10.07,10.0,3630.0,28.1,6,APO*
166,(2016 JE18),2016-May-11 15:48 ±,9.43/0.02424,9.42/0.02420,8.52,8.51,1190.0,26.3,4,APO*
167,(2016 LB2),2016-May-14 02:36 ±   00:11,13.46/0.03458,13.25/0.03405,18.26,18.26,156.0,22.6,4,ATE*
168,(2016 JW28),2016-May-14 12:21 ±,5.56/0.01428,5.53/0.01422,12.4,12.38,465.0,25.4,4,APO*
169,(2016 JD18),2016-May-16 23:25 ±,1.63/0.00418,1.63/0.00418,14.86,14.82,59400.0,24.6,23,APO*
170,(2016 JH18),2016-May-17 23:03 ±,13.53/0.03478,13.45/0.03455,6.53,6.52,267.0,26.1,6,ATE*
171,(2016 GS2),2016-May-18 02:03 ±,3.40/0.00875,3.40/0.00874,8.01,7.98,698000.0,23.0,45,APO*
172,(2016 HF3),2016-May-18 17:14 ±,8.49/0.02182,8.49/0.02181,7.56,7.55,5870.0,24.6,38,AMO*
173,(2016 KH),2016-May-23 11:24 ±,12.83/0.03296,12.78/0.03284,13.12,13.11,567.0,24.3,9,APO*
174,(2009 DL46),2016-May-24 17:59 ±,6.16/0.01583,6.16/0.01583,6.46,6.44,20300000.0,22.0,67,APO*
175,(2016 HP3),2016-May-25 10:46 ±,18.26/0.04693,18.26/0.04691,9.33,9.33,4300.0,23.7,28,APO*
176,(2016 KO),2016-May-25 19:04 ±,2.19/0.00562,2.18/0.00561,7.32,7.25,895.0,26.5,7,ATE*
177,(2016 KJ),2016-May-27 08:42 ±,7.11/0.01827,7.06/0.01815,20.71,20.71,350.0,24.8,4,APO*
178,(2016 LS1),2016-May-27 10:46 ±,12.10/0.03109,12.06/0.03099,5.95,5.93,526.0,26.3,4,AMO*
179,(2016 LQ),2016-May-28 01:50 ±   00:01,9.39/0.02413,9.33/0.02398,15.43,15.42,385.0,25.1,3,APO*
180,(2016 LN),2016-May-28 22:34 ±,16.15/0.04149,16.10/0.04137,11.92,11.91,714.0,25.4,4,APO*
181,(2016 LO1),2016-May-29 01:14 ±,13.79/0.03544,13.72/0.03525,9.26,9.25,334.0,25.3,5,ATE*
182,(2016 LC9),2016-May-31 14:37 ±,4.55/0.01169,4.54/0.01168,4.07,4.01,1370.0,27.0,3,ATE*
183,(2016 JG17),2016-May-31 16:03 ±,16.16/0.04153,16.15/0.04150,10.18,10.17,2780.0,25.5,8,APO*
184,(2016 LV),2016-Jun-01 23:43 ±,3.61/0.00927,3.61/0.00927,10.36,10.33,3090.0,23.1,13,APO*
185,(2016 LB),2016-Jun-03 09:07 ±,5.50/0.01413,5.50/0.01412,16.73,16.72,2730.0,22.8,8,APO*
186,(2016 LG10),2016-Jun-03 10:09 ±,1.86/0.00479,1.86/0.00478,8.65,8.58,2860.0,25.6,11,APO*
187,(2016 JB29),2016-Jun-04 23:15 ±,12.06/0.03100,12.06/0.03100,9.24,9.23,63700.0,24.7,41,APO*
188,(2016 LR51),2016-Jun-05 04:30 ±,0.91/0.00235,0.90/0.00232,11.48,11.38,191.0,27.4,1,APO*
189,(2016 KR),2016-Jun-05 23:01 ±,9.88/0.02538,9.84/0.02529,12.89,12.88,592.0,25.4,7,APO*
190,(2016 LO),2016-Jun-06 05:51 ±,19.36/0.04974,19.34/0.04969,5.63,5.62,1700.0,25.1,10,AMO*
191,(2016 LG),2016-Jun-06 12:05 ±,2.94/0.00756,2.94/0.00756,6.13,6.08,1170000.0,25.3,28,APO*
192,(2016 LQ1),2016-Jun-06 23:32 ±,15.72/0.04038,15.64/0.04018,6.03,6.02,326.0,25.5,4,AMO*
193,(2016 LT1),2016-Jun-07 20:25 ±,0.38/0.00097,0.38/0.00097,7.48,7.1,10400.0,29.0,5,APO*
194,(2016 JV),2016-Jun-08 11:27 ±,16.41/0.04216,16.40/0.04213,7.49,7.49,2180.0,24.9,9,AMO*
195,(2016 LO48),2016-Jun-08 20:35 ±,8.34/0.02143,8.34/0.02143,6.16,6.14,675000.0,25.4,13,AMO*
196,(2016 LR),2016-Jun-09 02:29 ±,5.89/0.01512,5.87/0.01508,12.31,12.3,677.0,26.4,6,APO*
197,(2016 LE10),2016-Jun-09 08:43 ±,1.18/0.00304,1.18/0.00304,12.2,12.13,1250.0,27.1,3,APO*
198,(2016 LP10),2016-Jun-09 18:32 ±,0.19/0.00048,0.19/0.00048,15.91,15.56,370.0,29.3,2,APO*
199,(2016 LY10),2016-Jun-10 02:55 ±,1.81/0.00466,1.81/0.00466,6.94,6.85,5400.0,28.5,3,APO*
200,(2016 KL),2016-Jun-11 00:12 ±,5.75/0.01477,5.74/0.01475,9.01,8.99,1490.0,25.8,12,APO*
201,(2016 MH3),2016-Jun-11 09:51 ±   04:28,8.73/0.02243,8.10/0.02081,5.24,5.21,53.3,27.0,1,ATE*
202,(2016 LA49),2016-Jun-12 01:51 ±,1.47/0.00377,1.47/0.00377,5.03,4.88,1970.0,27.5,6,APO*
203,(2016 LT10),2016-Jun-12 14:58 ±,7.42/0.01907,7.41/0.01904,4.68,4.65,1100.0,26.9,5,APO*
204,(2015 XZ378),2016-Jun-13 04:38 ±   00:12,9.73/0.02501,9.67/0.02484,1.64,1.57,608.0,27.2,6,APO*
205,(2016 LJ8),2016-Jun-13 07:39 ±,6.39/0.01642,6.36/0.01635,9.07,9.05,461.0,25.2,7,APO*
206,(2016 LG49),2016-Jun-15 20:24 ±,15.11/0.03884,15.07/0.03872,17.38,17.37,766.0,22.4,15,APO*
207,(2016 LK49),2016-Jun-16 16:17 ±,3.22/0.00828,3.21/0.00826,19.98,19.97,1190.0,26.0,5,APO*
208,(2016 LY8),2016-Jun-18 13:12 ±,13.33/0.03426,13.33/0.03426,10.03,10.02,22700.0,23.2,16,APO*
209,(2016 MA),2016-Jun-19 04:34 ±,2.60/0.00668,2.60/0.00667,8.87,8.83,1320.0,27.5,2,APO*
210,(2016 LV51),2016-Jun-19 23:50 ±,17.21/0.04423,17.10/0.04394,10.89,10.89,307.0,25.3,2,APO*
211,(2009 CV),2016-Jun-20 01:31 ±,12.40/0.03186,12.40/0.03186,4.69,4.67,923000.0,24.3,29,APO*
212,(2004 TE10),2016-Jun-20 13:15 ±,17.66/0.04537,17.66/0.04537,14.05,14.05,74400.0,24.0,12,APO*
213,441987 (2010 NY65),2016-Jun-24 10:30 ±,10.71/0.02753,10.71/0.02753,12.95,12.95,73700000.0,21.5,67,ATE*
214,(2016 NA),2016-Jul-01 16:56 ±,1.26/0.00323,1.26/0.00323,7.49,7.38,3730.0,26.9,3,APO*
215,(2016 NC56),2016-Jul-06 06:50 ±   00:01,3.29/0.00845,3.28/0.00842,14.64,14.62,660.0,27.3,1,APO*
216,(2016 NO56),2016-Jul-06 20:59 ±,1.90/0.00489,1.90/0.00488,12.11,12.07,829.0,25.7,1,APO*
217,(2016 NL39),2016-Jul-06 21:28 ±,3.61/0.00927,3.60/0.00926,4.28,4.22,2570.0,27.6,20,APO*
218,(2016 NM15),2016-Jul-06 21:39 ±   00:01,6.30/0.01618,6.29/0.01616,3.2,3.15,1460.0,27.5,2,AMO*
219,(2016 NL22),2016-Jul-07 00:14 ±,8.47/0.02178,8.44/0.02169,10.62,10.61,518.0,24.7,4,APO*
220,(2016 NJ22),2016-Jul-07 10:14 ±,0.74/0.00191,0.74/0.00191,7.0,6.79,2780.0,28.4,2,ATE*
221,(2016 MO),2016-Jul-07 13:22 ±,6.64/0.01706,6.63/0.01702,7.72,7.7,816.0,24.8,7,APO*
222,(2016 NB56),2016-Jul-08 04:14 ±   00:02,7.33/0.01884,7.21/0.01853,17.58,17.57,757.0,24.3,1,APO*
223,(2016 NN15),2016-Jul-08 06:02 ±,4.31/0.01108,4.31/0.01108,7.94,7.91,36500.0,26.8,6,AMO*
224,(2016 ND1),2016-Jul-10 03:26 ±,10.43/0.02679,10.43/0.02679,5.08,5.06,91400.0,25.3,10,APO*
225,(2016 NK22),2016-Jul-11 13:15 ±,0.69/0.00177,0.69/0.00177,7.12,6.9,2640.0,29.0,3,APO*
226,(2016 NJ33),2016-Jul-11 23:20 ±,14.86/0.03819,14.86/0.03819,4.47,4.46,19600.0,25.2,11,AMO*
227,(2016 OF),2016-Jul-12 08:33 ±,8.99/0.02309,8.99/0.02309,9.06,9.05,11900.0,23.1,9,APO*
228,(2016 NC1),2016-Jul-13 00:34 ±,7.28/0.01870,7.27/0.01867,4.45,4.42,1350.0,25.3,3,ATE*
229,(2016 NG38),2016-Jul-14 09:57 ±,11.48/0.02950,11.46/0.02944,7.06,7.05,788.0,25.1,4,AMO*
230,(2016 PQ26),2016-Jul-15 21:55 ±   00:36,6.40/0.01644,6.33/0.01625,13.48,13.47,229.0,24.0,1,APO*
231,(2016 NK33),2016-Jul-16 01:16 ±   00:02,11.32/0.02910,10.92/0.02807,9.6,9.59,53.5,25.9,1,APO*
232,(2016 ND39),2016-Jul-16 16:46 ±,4.86/0.01248,4.86/0.01248,13.58,13.57,197000.0,25.2,5,APO*
233,(2016 NE56),2016-Jul-16 22:28 ±,13.58/0.03490,13.37/0.03437,12.16,12.15,134.0,24.9,1,APO*
234,(2016 QX10),2016-Jul-17 06:03 ±   00:03,17.90/0.04599,17.88/0.04595,5.42,5.41,3190.0,23.7,5,APO*
235,(2016 OA),2016-Jul-18 08:15 ±,4.51/0.01159,4.50/0.01155,17.63,17.61,696.0,25.4,2,APO*
236,(2016 MK),2016-Jul-18 12:53 ±,17.12/0.04399,17.10/0.04395,8.78,8.77,1910.0,23.1,13,AMO*
237,(2016 NS),2016-Jul-20 17:41 ±,8.69/0.02234,8.68/0.02231,5.02,4.99,1140.0,25.4,10,AMO*
238,(2014 BT8),2016-Jul-21 16:37 ±   01:41,18.58/0.04775,18.40/0.04727,6.93,6.92,15300.0,25.0,7,ATE*
239,(2016 PE8),2016-Jul-22 06:41 ±   00:10,8.94/0.02298,8.63/0.02217,9.68,9.67,106.0,26.6,1,APO*
240,(2016 NJ39),2016-Jul-22 14:26 ±,11.53/0.02963,11.41/0.02933,10.36,10.35,190.0,25.1,4,APO*
241,(2016 PP38),2016-Jul-22 22:54 ±   00:25,10.24/0.02630,9.99/0.02567,5.7,5.68,109.0,26.7,2,AMO*
242,(2016 PM38),2016-Jul-24 23:20 ±   00:05,18.63/0.04786,18.43/0.04736,9.35,9.35,218.0,26.0,2,AMO*
243,(2016 NW15),2016-Jul-26 00:22 ±,13.77/0.03537,13.66/0.03510,7.04,7.03,229.0,25.1,4,AMO*
244,(2016 NE39),2016-Jul-26 12:25 ±   00:04,6.65/0.01709,6.56/0.01686,18.29,18.28,180.0,23.5,2,APO*
245,(2016 PN39),2016-Jul-29 11:37 ±,6.17/0.01586,6.17/0.01585,10.02,10.01,5580.0,25.6,3,APO*
246,(2016 NX22),2016-Aug-02 11:32 ±,12.98/0.03335,12.96/0.03331,9.52,9.51,1800.0,23.9,12,AMO*
247,(2005 OH3),2016-Aug-03 07:13 ± 2_08:01,5.84/0.01502,5.26/0.01352,3.53,3.48,242000.0,26.0,9,AMO*
248,(2016 PP27),2016-Aug-04 01:41 ±,9.92/0.02549,9.90/0.02544,10.89,10.88,926.0,23.6,6,APO*
249,(2016 PQ),2016-Aug-07 06:21 ±,9.81/0.02520,9.79/0.02516,12.74,12.73,1490.0,25.9,7,APO*
250,(2016 OV),2016-Aug-07 10:42 ±,9.04/0.02323,9.01/0.02316,12.47,12.46,776.0,24.6,8,APO*
251,(2016 QY1),2016-Aug-10 03:14 ±   00:02,7.25/0.01863,7.23/0.01858,12.32,12.31,988.0,23.3,9,APO*
252,(2016 PX8),2016-Aug-11 08:34 ±,7.60/0.01953,7.52/0.01933,9.84,9.83,190.0,27.0,2,APO*
253,(2016 PW8),2016-Aug-12 03:37 ±,6.13/0.01575,6.12/0.01572,14.14,14.13,1110.0,26.1,4,APO*
254,(2016 RZ),2016-Aug-25 09:26 ±,10.73/0.02757,10.71/0.02752,4.33,4.31,1400.0,26.7,4,ATE*
255,(2016 PS26),2016-Aug-25 11:23 ±,13.78/0.03541,13.67/0.03512,11.62,11.62,248.0,25.4,4,APO*
256,(2016 RC18),2016-Aug-27 14:30 ±,17.46/0.04488,17.41/0.04473,7.17,7.16,739.0,26.1,5,AMO*
257,(2016 QA2),2016-Aug-28 01:26 ±,0.23/0.00058,0.23/0.00058,10.27,9.81,79600.0,25.1,4,ATE*
258,(2016 PA40),2016-Aug-29 19:12 ±,14.48/0.03721,14.45/0.03713,9.2,9.19,955.0,24.4,11,APO*
259,(2016 QD84),2016-Aug-30 16:29 ±,15.48/0.03978,15.44/0.03968,9.19,9.19,729.0,25.1,3,AMO*
260,(2016 RX),2016-Aug-30 17:27 ±,12.40/0.03187,12.37/0.03179,22.27,22.27,1010.0,25.9,8,APO*
261,(2016 RD18),2016-Aug-31 11:15 ±,12.32/0.03165,12.26/0.03150,8.2,8.19,399.0,26.5,3,AMO*
262,(2016 RV19),2016-Aug-31 12:54 ±,15.55/0.03995,15.53/0.03990,6.6,6.59,1550.0,25.3,4,AMO*
263,(2016 RJ40),2016-Aug-31 19:38 ±   00:01,14.38/0.03694,14.28/0.03669,7.21,7.2,465.0,25.2,2,AMO*
264,(2016 QB11),2016-Aug-31 20:57 ±,3.45/0.00886,3.44/0.00884,22.64,22.62,1180.0,25.8,4,APO*
265,(2016 RK17),2016-Aug-31 23:00 ±,19.18/0.04927,19.10/0.04907,8.64,8.63,441.0,25.3,6,AMO*
266,(2016 RM17),2016-Sep-01 12:37 ±,6.26/0.01610,6.24/0.01603,6.35,6.32,429.0,27.6,3,APO*
267,(2016 RP17),2016-Sep-01 15:35 ±,8.40/0.02158,8.38/0.02153,19.34,19.34,1270.0,24.5,13,APO*
268,(2016 RA34),2016-Sep-01 16:14 ±,11.02/0.02831,11.00/0.02827,8.87,8.86,1670.0,24.5,5,ATE*
269,(2016 RR1),2016-Sep-02 16:15 ±,0.34/0.00086,0.34/0.00086,7.22,6.78,1450.0,28.0,10,APO*
270,(2016 RB34),2016-Sep-03 00:17 ±   00:01,14.73/0.03786,14.67/0.03769,5.15,5.14,359.0,25.0,7,APO*
271,(2016 RS1),2016-Sep-03 00:30 ±,0.50/0.00127,0.49/0.00127,7.11,6.81,388.0,29.2,1,APO*
272,(2016 RU1),2016-Sep-03 15:45 ±,4.09/0.01051,4.08/0.01049,10.21,10.19,1070.0,27.6,5,APO*
273,(2016 RW1),2016-Sep-03 20:19 ±,7.70/0.01978,7.68/0.01972,7.5,7.49,586.0,27.0,3,AMO*
274,(2016 RL40),2016-Sep-04 00:55 ±   00:02,11.76/0.03021,11.54/0.02965,12.2,12.19,113.0,25.6,1,APO*
275,(2016 RR19),2016-Sep-04 09:58 ±,1.86/0.00477,1.85/0.00474,10.65,10.6,368.0,28.6,1,APO*
276,(2016 RV33),2016-Sep-05 00:16 ±,8.60/0.02210,8.55/0.02196,8.53,8.52,295.0,26.6,2,APO*
277,(2016 PD2),2016-Sep-05 14:27 ±,18.74/0.04816,18.72/0.04810,6.7,6.69,1350.0,24.6,7,APO*
278,477162 (2009 ES),2016-Sep-05 19:25 ±,18.83/0.04838,18.83/0.04838,18.06,18.06,866000.0,20.6,38,APO*
279,(2016 RP40),2016-Sep-05 23:26 ±,16.09/0.04134,15.97/0.04103,9.59,9.58,261.0,24.8,4,APO*
280,(2016 PR39),2016-Sep-06 08:38 ±   00:06,18.45/0.04741,17.84/0.04584,11.01,11.01,225.0,24.0,2,APO*
281,(2016 RZ17),2016-Sep-07 00:36 ±,8.77/0.02254,8.75/0.02247,14.81,14.81,750.0,25.5,3,APO*
282,(2016 SB),2016-Sep-07 03:35 ±   00:04,15.80/0.04061,15.72/0.04040,14.46,14.46,1260.0,23.1,2,APO*
283,(2016 SF),2016-Sep-07 05:25 ±   00:02,13.17/0.03385,13.10/0.03366,15.17,15.17,624.0,24.3,4,APO*
284,(2016 RD34),2016-Sep-07 14:32 ±,2.57/0.00659,2.57/0.00659,1.44,1.12,57300.0,27.6,21,APO*
285,(2016 RB1),2016-Sep-07 17:20 ±,0.11/0.00027,0.11/0.00027,8.13,6.81,28700.0,28.3,19,ATE*
286,(2016 RK40),2016-Sep-07 23:01 ±   00:01,1.35/0.00346,1.34/0.00344,14.68,14.63,305.0,27.7,1,APO*
287,(2016 RO17),2016-Sep-08 03:37 ±,2.29/0.00590,2.29/0.00589,16.01,15.98,1790.0,26.3,1,APO*
288,(2016 RQ17),2016-Sep-08 08:55 ±,16.10/0.04136,16.03/0.04118,22.15,22.15,580.0,23.9,3,APO*
289,(2016 RM40),2016-Sep-08 11:22 ±,6.14/0.01577,6.10/0.01569,23.17,23.16,451.0,24.7,2,APO*
290,(2016 RN20),2016-Sep-08 16:57 ±   00:02,2.52/0.00647,2.51/0.00645,3.23,3.1,605.0,28.2,1,APO*
291,(2016 RO40),2016-Sep-08 23:34 ±,15.57/0.04002,15.50/0.03982,14.83,14.82,449.0,24.5,2,APO*
292,(2016 RL17),2016-Sep-09 04:16 ±,8.69/0.02233,8.67/0.02229,7.72,7.7,971.0,26.5,3,ATE*
293,(2016 RV1),2016-Sep-09 07:46 ±,18.89/0.04855,18.84/0.04842,11.36,11.35,739.0,25.0,6,AMO*
294,(2016 RY17),2016-Sep-09 18:01 ±,3.62/0.00930,3.62/0.00929,11.14,11.12,1550.0,25.3,1,APO*
295,(2016 QS44),2016-Sep-10 05:03 ±,7.95/0.02044,7.89/0.02027,17.37,17.36,284.0,24.4,5,APO*
296,(2015 KE),2016-Sep-10 08:25 ±,14.92/0.03833,14.92/0.03833,2.16,2.13,38300.0,26.2,18,ATE*
297,(2016 SF1),2016-Sep-10 14:32 ±   00:03,1.33/0.00341,1.32/0.00340,8.59,8.5,631.0,24.7,9,APO*
298,(2016 RH17),2016-Sep-11 00:49 ±,6.06/0.01557,6.02/0.01548,14.09,14.08,364.0,23.5,2,APO*
299,(2016 RE34),2016-Sep-11 02:41 ±,1.19/0.00305,1.19/0.00305,4.85,4.67,1740.0,28.3,3,APO*
300,(2016 SC17),2016-Sep-11 04:58 ±   00:05,4.57/0.01174,4.47/0.01148,8.52,8.5,82.5,25.4,4,APO*
301,(2016 RO20),2016-Sep-11 12:48 ±,2.45/0.00630,2.45/0.00629,15.65,15.62,1420.0,27.2,1,APO*
302,(2016 RN41),2016-Sep-11 14:56 ±,0.06/0.00016,0.06/0.00015,11.73,10.2,26.6,31.0,3,APO*
303,(2016 RP20),2016-Sep-12 01:46 ±,11.98/0.03078,11.91/0.03060,9.87,9.86,324.0,25.6,2,APO*
304,(2016 RF34),2016-Sep-12 15:31 ±,5.67/0.01457,5.66/0.01455,8.18,8.16,1950.0,24.4,5,APO*
305,(2016 SN3),2016-Sep-12 17:08 ±   00:03,14.42/0.03705,14.31/0.03678,23.32,23.32,1280.0,23.3,3,APO*
306,(2016 LX48),2016-Sep-12 20:55 ±,17.73/0.04555,17.73/0.04555,10.77,10.77,28800000.0,19.3,98,APO*
307,(2016 RU33),2016-Sep-16 01:14 ±,6.00/0.01542,5.99/0.01538,6.78,6.76,688.0,27.5,2,APO*
308,(2016 RT20),2016-Sep-16 02:05 ±,15.68/0.04029,15.52/0.03988,17.64,17.64,227.0,24.4,1,ATE*
309,(2016 SS2),2016-Sep-16 04:20 ±,12.50/0.03213,12.45/0.03200,8.18,8.17,562.0,25.2,4,AMO*
310,(2016 QL44),2016-Sep-17 14:28 ±,3.61/0.00928,3.60/0.00925,13.75,13.73,636.0,25.1,8,APO*
311,(2016 QS11),2016-Sep-18 05:19 ±,12.18/0.03129,12.18/0.03129,3.76,3.74,7740.0,25.8,24,AMO*
312,(2016 SK2),2016-Sep-18 14:31 ±,5.47/0.01407,5.47/0.01406,13.98,13.97,3220.0,25.3,9,APO*
313,(2016 SP3),2016-Sep-19 11:32 ±   00:01,2.55/0.00655,2.54/0.00652,8.96,8.92,484.0,27.9,2,APO*
314,(2016 RM20),2016-Sep-20 10:29 ±,6.22/0.01598,6.18/0.01589,5.78,5.75,300.0,26.2,3,APO*
315,(2016 SJ),2016-Sep-21 18:28 ±,0.39/0.00100,0.39/0.00100,13.7,13.51,1270.0,29.0,2,APO*
316,(2016 SY1),2016-Sep-21 19:19 ±   00:05,3.31/0.00851,3.27/0.00841,15.42,15.4,242.0,26.4,1,APO*
317,(2015 DS53),2016-Sep-22 01:22 ±,19.08/0.04904,19.08/0.04904,12.95,12.95,142000.0,24.2,12,APO*
318,(2016 SJ2),2016-Sep-22 04:57 ±,4.83/0.01242,4.81/0.01236,10.98,10.96,458.0,26.5,1,APO*
319,(2016 TS),2016-Sep-22 06:31 ±,5.61/0.01442,5.59/0.01437,7.56,7.54,560.0,25.4,3,APO*
320,(2016 TX18),2016-Sep-22 06:51 ±   00:08,13.39/0.03441,13.01/0.03344,9.37,9.36,156.0,25.2,1,APO*
321,(2016 SU3),2016-Sep-22 07:10 ±,15.21/0.03907,15.16/0.03896,8.17,8.16,606.0,25.3,3,APO*
322,(2016 SH2),2016-Sep-22 18:55 ±,4.14/0.01064,4.13/0.01061,8.64,8.62,677.0,27.2,3,APO*
323,(2016 SJ35),2016-Sep-24 07:30 ±,1.69/0.00434,1.69/0.00434,12.18,12.13,13600.0,24.6,12,APO*
324,(2016 SU2),2016-Sep-24 19:07 ±,0.91/0.00235,0.91/0.00234,12.86,12.77,1560.0,27.6,7,ATE*
325,(2016 SA2),2016-Sep-25 07:12 ±,0.80/0.00205,0.80/0.00205,5.47,5.23,5060.0,28.2,11,APO*
326,(2016 TR2),2016-Sep-25 07:17 ±   00:39,6.74/0.01732,6.55/0.01683,8.7,8.69,76.9,26.3,1,APO*
327,(2016 SC),2016-Sep-25 10:57 ±,3.08/0.00792,3.08/0.00792,5.35,5.28,2840.0,27.6,4,APO*
328,(2016 RL20),2016-Sep-25 18:23 ±,18.17/0.04670,18.13/0.04659,15.32,15.32,954.0,23.5,8,APO*
329,(2016 SW3),2016-Sep-26 04:51 ±,1.00/0.00257,1.00/0.00257,10.33,10.23,2500.0,28.3,1,APO*
330,(2016 RH40),2016-Sep-26 06:43 ±,18.78/0.04826,18.68/0.04801,9.35,9.35,370.0,24.3,8,APO*
331,(2016 TL10),2016-Sep-26 08:55 ±   00:01,9.51/0.02443,9.45/0.02429,5.42,5.4,290.0,27.3,1,ATE*
332,(2016 SX1),2016-Sep-26 15:47 ±,2.18/0.00560,2.18/0.00560,2.82,2.64,8210.0,28.6,10,ATE*
333,(2016 TJ),2016-Sep-26 16:03 ±,17.84/0.04584,17.69/0.04546,14.48,14.47,399.0,24.8,3,APO*
334,(2016 TN18),2016-Sep-26 17:57 ±,17.90/0.04599,17.87/0.04592,9.2,9.19,2820.0,24.3,9,APO*
335,(2016 TP11),2016-Sep-27 03:22 ±,9.98/0.02563,9.97/0.02562,5.11,5.09,2610.0,24.3,16,APO*
336,(2016 TW10),2016-Sep-27 03:43 ±,6.38/0.01638,6.36/0.01635,12.47,12.46,1170.0,23.4,5,APO*
337,(2016 SG),2016-Sep-27 04:34 ±,2.34/0.00602,2.34/0.00601,15.79,15.76,1000.0,26.6,5,APO*
338,(2016 TT),2016-Sep-27 10:22 ±,4.35/0.01118,4.35/0.01117,11.91,11.89,6020.0,26.0,11,APO*
339,(2016 SW1),2016-Sep-28 02:00 ±,1.34/0.00344,1.34/0.00344,5.48,5.34,3880.0,28.5,4,APO*
340,(2016 TV19),2016-Sep-28 12:08 ±   00:27,7.23/0.01858,7.18/0.01845,10.77,10.76,285.0,25.9,1,APO*
341,(2016 SL2),2016-Sep-29 10:00 ±,2.38/0.00612,2.37/0.00610,24.12,24.1,1030.0,25.4,2,APO*
342,(2016 TM),2016-Sep-29 13:21 ±,3.42/0.00879,3.42/0.00879,4.6,4.53,2350.0,27.5,14,APO*
343,(2016 SZ1),2016-Sep-29 16:47 ±,6.12/0.01573,6.11/0.01570,10.89,10.87,1100.0,26.3,3,APO*
344,(2009 UG),2016-Sep-29 21:40 ±,6.36/0.01634,6.36/0.01634,8.98,8.97,250000.0,23.4,20,ATE*
345,(2015 SO2),2016-Sep-30 00:22 ±,17.38/0.04465,17.38/0.04465,6.08,6.07,33900.0,23.9,17,ATE*
346,(2016 TD),2016-Sep-30 17:15 ±,0.59/0.00151,0.59/0.00151,13.82,13.69,2450.0,28.1,2,APO*
347,(2016 TB11),2016-Oct-01 02:41 ±,10.40/0.02673,10.34/0.02656,11.86,11.85,327.0,25.2,1,APO*
348,(2016 TU93),2016-Oct-01 16:48 ±,9.57/0.02458,9.51/0.02443,10.44,10.43,324.0,26.3,1,APO*
349,(2016 TA),2016-Oct-02 06:28 ±,2.30/0.00591,2.30/0.00591,31.99,31.98,1780.0,26.3,2,APO*
350,(2016 TQ54),2016-Oct-02 11:33 ±,2.50/0.00644,2.48/0.00636,8.8,8.75,168.0,27.2,1,ATE*
351,(2016 TQ18),2016-Oct-02 12:32 ±,12.50/0.03212,12.49/0.03208,9.72,9.71,2360.0,26.4,6,APO*
352,(2016 TQ2),2016-Oct-02 16:45 ±,3.33/0.00854,3.32/0.00853,15.33,15.31,1880.0,26.4,7,APO*
353,(2016 SH35),2016-Oct-02 18:24 ±,17.44/0.04482,17.41/0.04473,5.57,5.56,826.0,24.9,9,APO*
354,(2016 TF),2016-Oct-02 23:10 ±,11.48/0.02951,11.46/0.02946,11.57,11.57,1100.0,25.7,4,APO*
355,(2016 TK10),2016-Oct-03 06:31 ±,3.02/0.00777,3.02/0.00776,9.06,9.02,1300.0,26.3,6,APO*
356,(2016 TH),2016-Oct-03 16:30 ±,0.33/0.00086,0.33/0.00086,7.8,7.39,4370.0,29.4,2,APO*
357,(2016 TU),2016-Oct-03 21:08 ±,4.69/0.01204,4.68/0.01202,17.97,17.96,1160.0,27.2,3,APO*
358,(2016 TS2),2016-Oct-04 02:06 ±,6.94/0.01784,6.93/0.01780,6.92,6.9,747.0,26.5,2,APO*
359,(2016 TT55),2016-Oct-04 07:51 ±,12.03/0.03092,11.95/0.03070,9.3,9.29,256.0,25.9,5,APO*
360,(2016 TJ17),2016-Oct-04 18:15 ±,1.22/0.00314,1.22/0.00313,16.1,16.04,1380.0,25.4,7,APO*
361,(2016 TQ56),2016-Oct-05 18:13 ±,12.91/0.03317,12.87/0.03308,10.11,10.11,668.0,24.0,8,APO*
362,462959 (2011 DU),2016-Oct-06 20:30 ±,15.16/0.03896,15.16/0.03896,8.72,8.71,12100000.0,21.0,80,APO*
363,(2016 TP2),2016-Oct-06 20:51 ±,2.21/0.00568,2.21/0.00567,14.69,14.66,1610.0,26.6,4,APO*
364,(2016 TM10),2016-Oct-06 21:56 ±,6.78/0.01742,6.74/0.01733,20.29,20.28,461.0,26.3,2,APO*
365,(2016 TT92),2016-Oct-07 04:25 ±,7.37/0.01893,7.36/0.01892,8.21,8.19,3410.0,26.3,9,APO*
366,(2016 SR2),2016-Oct-07 08:00 ±,3.77/0.00970,3.77/0.00969,5.71,5.67,2900.0,26.2,11,APO*
367,(2016 TO18),2016-Oct-07 10:25 ±,9.75/0.02506,9.72/0.02498,12.35,12.34,629.0,25.7,4,APO*
368,(2016 TG),2016-Oct-07 13:50 ±,8.08/0.02076,8.05/0.02069,14.68,14.67,669.0,25.4,5,APO*
369,(2016 TX10),2016-Oct-07 22:23 ±,5.21/0.01339,5.19/0.01334,15.04,15.03,590.0,25.7,2,APO*
370,(2016 TG94),2016-Oct-08 01:33 ±,0.56/0.00145,0.56/0.00144,8.99,8.78,548.0,29.7,1,APO*
371,(2016 TC),2016-Oct-08 15:07 ±,7.22/0.01854,7.18/0.01844,10.2,10.18,353.0,25.9,3,APO*
372,(2016 TA11),2016-Oct-08 21:43 ±,4.99/0.01282,4.98/0.01279,7.77,7.74,819.0,27.1,2,APO*
373,(2016 TS54),2016-Oct-10 04:22 ±,0.20/0.00050,0.19/0.00050,16.94,16.62,1030.0,27.8,2,APO*
374,(2016 UH101),2016-Oct-10 18:57 ±,17.71/0.04551,17.71/0.04550,9.48,9.48,7140.0,22.7,12,APO*
375,(2016 TJ10),2016-Oct-11 01:08 ±,4.24/0.01090,4.21/0.01081,13.82,13.8,239.0,25.2,3,APO*
376,(2016 TK18),2016-Oct-11 13:35 ±,5.52/0.01418,5.50/0.01414,11.15,11.13,672.0,27.4,2,APO*
377,(2016 TD11),2016-Oct-11 16:18 ±,5.67/0.01458,5.67/0.01456,7.28,7.25,1350.0,26.3,6,APO*
378,(2016 TB19),2016-Oct-11 19:13 ±,0.82/0.00212,0.82/0.00211,13.12,13.03,949.0,29.1,2,APO*
379,(2016 TC57),2016-Oct-11 22:42 ±,1.23/0.00317,1.23/0.00316,8.81,8.71,2150.0,27.1,6,APO*
380,(2016 TO11),2016-Oct-12 19:01 ±,2.33/0.00599,2.32/0.00596,9.79,9.74,510.0,27.3,5,APO*
381,(2007 TR68),2016-Oct-13 00:26 ±   17:05,19.42/0.04989,14.87/0.03820,7.55,7.54,6320.0,25.9,6,ATE*
382,(2016 TP18),2016-Oct-13 02:34 ±,14.62/0.03757,14.50/0.03726,21.03,21.03,297.0,24.8,3,APO*
383,(2016 TX17),2016-Oct-13 23:44 ±,16.07/0.04128,15.89/0.04084,17.39,17.39,218.0,23.5,3,APO*
384,(2016 UD26),2016-Oct-14 11:30 ±,5.88/0.01512,5.87/0.01508,10.67,10.66,1180.0,24.3,4,APO*
385,(2016 TM56),2016-Oct-14 18:22 ±,3.78/0.00972,3.78/0.00972,3.58,3.5,7550.0,26.8,19,APO*
386,(2016 UP5),2016-Oct-15 13:30 ±,8.94/0.02298,8.92/0.02293,9.05,9.03,779.0,24.4,8,APO*
387,(2016 TZ55),2016-Oct-15 21:03 ±,2.14/0.00549,2.13/0.00546,18.38,18.35,495.0,27.0,3,APO*
388,(1993 TZ),2016-Oct-16 02:20 ±,14.36/0.03691,14.36/0.03691,12.71,12.71,240000.0,26.0,13,APO*
389,(2016 UA41),2016-Oct-16 04:35 ±,16.15/0.04151,16.14/0.04147,7.29,7.28,3040.0,24.4,11,APO*
390,(2016 TH10),2016-Oct-16 22:24 ±,7.32/0.01881,7.30/0.01877,12.38,12.37,857.0,24.9,11,ATE*
391,(2016 UD),2016-Oct-17 23:32 ±   00:03,0.19/0.00048,0.19/0.00048,22.36,22.12,797.0,26.6,1,APO*
392,(2014 UR),2016-Oct-18 03:49 ±,11.96/0.03074,11.96/0.03074,4.31,4.29,3000000.0,26.6,24,ATE*
393,(2016 TY55),2016-Oct-18 19:07 ±,2.57/0.00661,2.57/0.00661,4.87,4.79,2800.0,26.9,8,APO*
394,(2016 TE55),2016-Oct-18 22:31 ±,13.16/0.03381,13.00/0.03340,12.99,12.99,174.0,25.9,1,APO*
395,(2016 US31),2016-Oct-19 13:33 ±,18.51/0.04756,18.44/0.04739,8.09,8.08,492.0,25.2,4,APO*
396,(2016 US4),2016-Oct-20 01:52 ±,7.16/0.01841,7.16/0.01839,10.64,10.63,1830.0,24.4,2,ATE*
397,(2016 UZ5),2016-Oct-20 08:54 ±,16.85/0.04331,16.76/0.04307,9.95,9.95,348.0,25.6,3,AMO*
398,(2016 UC42),2016-Oct-22 00:06 ±,6.59/0.01692,6.54/0.01681,14.54,14.53,320.0,24.9,4,APO*
399,(2016 UY5),2016-Oct-22 01:55 ±   00:02,11.86/0.03046,11.78/0.03026,4.6,4.58,238.0,27.1,3,AMO*
400,(2016 UQ41),2016-Oct-23 21:34 ±,18.10/0.04651,18.02/0.04629,9.88,9.88,405.0,25.3,4,ATE*
401,(2016 UR5),2016-Oct-24 06:11 ±,3.09/0.00793,3.08/0.00791,14.92,14.9,990.0,26.7,1,ATE*
402,(2016 UQ36),2016-Oct-24 22:20 ±,1.03/0.00265,1.03/0.00265,11.58,11.5,1240.0,27.7,4,APO*
403,(2016 TH94),2016-Oct-26 00:32 ± 1_05:33,12.77/0.03282,9.67/0.02484,15.15,15.14,19.1,24.8,1,ATE*
404,(2016 UD42),2016-Oct-26 15:00 ±,17.95/0.04612,17.89/0.04597,6.62,6.61,506.0,25.7,4,AMO*
405,(2016 UA6),2016-Oct-26 22:47 ±,16.50/0.04241,16.45/0.04228,7.72,7.72,572.0,25.8,4,ATE*
406,413260 (2003 TL4),2016-Oct-27 16:47 ±,10.06/0.02586,10.06/0.02586,10.35,10.34,16200000.0,19.4,66,ATE*
407,(2016 UB26),2016-Oct-27 21:59 ±,11.61/0.02983,11.54/0.02966,17.1,17.09,405.0,25.0,3,APO*
408,(2016 UE57),2016-Oct-28 02:18 ±,3.11/0.00799,3.11/0.00798,8.22,8.18,1140.0,26.4,7,APO*
409,(2016 VH),2016-Oct-28 16:02 ±,6.49/0.01669,6.49/0.01668,5.31,5.28,2710.0,26.7,17,APO*
410,(2016 TZ19),2016-Oct-29 06:01 ±,18.96/0.04873,18.95/0.04869,16.47,16.46,2400.0,23.1,12,ATE*
411,(2016 UR41),2016-Oct-29 11:28 ±,2.56/0.00659,2.56/0.00657,10.2,10.16,581.0,28.0,1,APO*
412,(2016 UB41),2016-Oct-29 19:51 ±,4.12/0.01059,4.11/0.01056,11.74,11.72,694.0,27.1,1,APO*
413,(2016 UQ5),2016-Oct-30 13:04 ±,13.88/0.03566,13.84/0.03557,8.14,8.13,746.0,25.0,5,APO*
414,(2016 VH6),2016-Oct-30 21:55 ±   00:03,8.80/0.02261,8.61/0.02213,10.39,10.38,152.0,26.2,1,APO*
415,(2016 UR36),2016-Oct-31 03:14 ±,1.30/0.00334,1.30/0.00333,18.1,18.06,794.0,27.5,3,APO*
416,(2016 TB57),2016-Oct-31 04:19 ±,5.24/0.01347,5.24/0.01347,2.68,2.61,143000.0,26.0,25,APO*
417,(2016 UP36),2016-Oct-31 05:37 ±,5.02/0.01291,5.01/0.01287,15.86,15.84,757.0,25.9,3,APO*
418,164121 (2003 YT1),2016-Oct-31 09:25 ±,13.53/0.03477,13.53/0.03477,24.06,24.06,23200000.0,16.2,109,APO*
419,(2016 UG57),2016-Oct-31 12:48 ±,5.66/0.01454,5.65/0.01453,6.63,6.6,2250.0,27.7,3,APO*
420,(2016 VP1),2016-Nov-01 04:41 ±   00:05,1.23/0.00315,1.22/0.00313,16.93,16.88,288.0,27.2,1,APO*
421,(2016 VZ17),2016-Nov-01 10:26 ±   21:20,3.32/0.00853,0.11/0.00029,9.96,9.93,80.3,27.5,3,APO*
422,(2016 UH57),2016-Nov-01 14:17 ±,6.86/0.01763,6.85/0.01760,8.02,8.0,879.0,26.0,5,APO*
423,(2016 VA),2016-Nov-02 00:42 ±,0.25/0.00063,0.24/0.00063,21.24,21.04,2440.0,27.3,2,ATE*
424,(2016 VO4),2016-Nov-02 08:51 ±,17.03/0.04376,16.83/0.04325,17.94,17.93,599.0,24.8,2,APO*
425,(2016 VM3),2016-Nov-02 11:12 ±,11.09/0.02850,11.06/0.02841,8.22,8.21,556.0,24.8,4,APO*
426,(2016 UX5),2016-Nov-02 23:36 ±,7.08/0.01819,7.07/0.01816,6.08,6.05,940.0,26.5,6,APO*
427,(2016 VO2),2016-Nov-03 00:56 ±,6.63/0.01702,6.57/0.01688,14.86,14.85,267.0,26.7,1,APO*
428,(2016 VW2),2016-Nov-03 11:43 ±,10.68/0.02743,10.63/0.02732,8.17,8.16,437.0,26.3,5,APO*
429,(2016 VJ3),2016-Nov-03 17:46 ±,11.21/0.02881,11.09/0.02848,27.62,27.62,234.0,24.6,2,APO*
430,(2016 TG55),2016-Nov-04 02:04 ±,3.83/0.00985,3.83/0.00985,5.95,5.91,2960.0,26.0,19,APO*
431,(2016 VW5),2016-Nov-04 10:46 ±,11.89/0.03055,11.73/0.03014,15.77,15.77,168.0,24.2,2,APO*
432,(2016 VL2),2016-Nov-04 16:08 ±,10.92/0.02805,10.83/0.02782,7.21,7.2,218.0,27.0,2,APO*
433,(2016 VB4),2016-Nov-04 21:02 ±,3.94/0.01012,3.93/0.01009,17.57,17.55,961.0,23.8,4,APO*
434,(2016 VQ2),2016-Nov-05 08:04 ±,16.41/0.04217,16.39/0.04211,11.09,11.09,1390.0,23.5,6,APO*
435,(2016 VX2),2016-Nov-05 15:41 ±,11.35/0.02916,11.30/0.02904,6.84,6.83,423.0,25.7,4,AMO*
436,(2016 UE),2016-Nov-05 17:38 ±,5.21/0.01339,5.21/0.01338,3.81,3.75,1910.0,25.2,8,APO*
437,(2016 UC107),2016-Nov-06 04:58 ±,5.43/0.01395,5.42/0.01393,12.84,12.82,1380.0,25.6,2,APO*
438,(2016 VF),2016-Nov-06 07:32 ±,14.05/0.03612,14.01/0.03600,8.29,8.28,598.0,26.6,1,APO*
439,(2016 VO3),2016-Nov-06 14:03 ±,12.81/0.03291,12.74/0.03275,10.0,9.99,388.0,26.1,3,APO*
440,(2016 VG),2016-Nov-06 19:08 ±,4.12/0.01060,4.12/0.01058,10.37,10.34,1950.0,26.7,3,ATE*
441,(2016 VN1),2016-Nov-06 23:16 ±,10.51/0.02701,10.46/0.02689,17.13,17.13,507.0,25.8,2,APO*
442,(2016 WR),2016-Nov-07 03:34 ±   00:04,10.81/0.02777,10.70/0.02750,7.72,7.71,188.0,26.5,2,ATE*
443,(2016 VD4),2016-Nov-07 05:00 ±,1.47/0.00378,1.47/0.00378,6.67,6.56,1460.0,27.6,3,APO*
444,(2002 UQ12),2016-Nov-07 06:01 ±,19.44/0.04996,19.44/0.04995,20.08,20.08,203000.0,22.4,21,APO*
445,(2016 VB18),2016-Nov-07 06:53 ±   00:02,1.99/0.00512,1.81/0.00465,11.65,11.6,274.0,26.5,3,APO*
446,(2016 VZ1),2016-Nov-07 09:10 ±,8.18/0.02101,8.15/0.02095,12.91,12.9,747.0,26.1,3,APO*
447,(2016 VU5),2016-Nov-07 15:43 ±,4.01/0.01031,4.00/0.01028,6.91,6.87,631.0,27.4,3,APO*
448,(2016 VB1),2016-Nov-07 15:57 ±,0.70/0.00179,0.70/0.00179,5.72,5.46,11300.0,28.6,3,ATE*
449,(2016 VS),2016-Nov-07 21:26 ±,2.73/0.00703,2.73/0.00702,9.63,9.59,1770.0,27.4,2,APO*
450,(2016 VR4),2016-Nov-09 06:16 ±,1.96/0.00503,1.95/0.00501,10.98,10.93,537.0,28.9,1,APO*
451,(2016 WW),2016-Nov-10 08:40 ±   00:13,13.62/0.03499,13.26/0.03407,15.01,15.0,84.9,25.3,2,APO*
452,(2016 VF18),2016-Nov-10 11:35 ±   00:26,0.18/0.00047,0.16/0.00041,13.74,13.31,47.2,29.9,1,APO*
453,(2004 KB),2016-Nov-10 13:33 ± 1_05:06,10.01/0.02572,8.72/0.02241,13.52,13.51,910.0,21.1,12,APO*
454,(2016 WX),2016-Nov-10 14:29 ±   00:05,10.21/0.02624,10.06/0.02586,11.97,11.96,143.0,25.5,2,APO*
455,(2016 VA1),2016-Nov-11 02:38 ±,11.24/0.02889,11.21/0.02880,19.03,19.02,780.0,23.5,7,APO*
456,(2016 VQ),2016-Nov-11 10:21 ±,2.53/0.00650,2.52/0.00648,13.45,13.42,669.0,26.0,5,APO*
457,(2016 VD18),2016-Nov-12 08:17 ±   00:04,14.63/0.03758,14.48/0.03721,10.56,10.55,196.0,25.6,3,AMO*
458,(2016 VZ),2016-Nov-12 10:21 ±,3.05/0.00784,3.05/0.00783,9.77,9.74,1300.0,25.9,6,APO*
459,(2016 VR),2016-Nov-12 13:31 ±,6.17/0.01586,6.15/0.01580,9.76,9.75,496.0,26.2,4,APO*
460,(2016 VY1),2016-Nov-12 15:13 ±,2.59/0.00665,2.58/0.00663,6.11,6.04,409.0,24.7,4,APO*
461,(2016 WO),2016-Nov-12 17:47 ±,12.69/0.03260,12.63/0.03246,14.93,14.92,531.0,25.6,3,APO*
462,(2016 UN5),2016-Nov-12 18:43 ±,18.94/0.04867,18.93/0.04865,4.91,4.9,3930.0,25.1,10,APO*
463,(2016 VN3),2016-Nov-12 21:39 ±,6.12/0.01572,6.09/0.01564,17.6,17.59,472.0,26.2,2,APO*
464,(2016 WN1),2016-Nov-13 04:24 ±,12.46/0.03202,12.45/0.03199,15.98,15.97,2730.0,25.4,10,APO*
465,(2016 VX1),2016-Nov-13 21:11 ±,5.23/0.01343,5.17/0.01329,17.04,17.03,217.0,25.0,2,APO*
466,(2016 UB107),2016-Nov-14 10:52 ±,8.38/0.02154,8.36/0.02148,4.9,4.87,653.0,25.2,1,APO*
467,(2016 VE4),2016-Nov-15 08:24 ±,5.24/0.01347,5.23/0.01343,7.3,7.27,638.0,26.4,3,APO*
468,(2016 WU),2016-Nov-15 10:01 ±,2.04/0.00524,2.04/0.00524,7.1,7.02,1460.0,27.3,7,APO*
469,(2016 WC2),2016-Nov-15 10:53 ±   00:03,3.35/0.00862,3.30/0.00849,13.25,13.23,145.0,27.2,1,APO*
470,(2016 WT1),2016-Nov-15 12:08 ±,13.11/0.03369,13.03/0.03349,12.63,12.62,341.0,25.8,2,APO*
471,(2016 WF1),2016-Nov-15 12:59 ±,4.93/0.01267,4.92/0.01265,7.34,7.31,1240.0,27.7,3,APO*
472,(2016 VK2),2016-Nov-16 21:59 ±,11.34/0.02913,11.19/0.02876,15.51,15.5,177.0,25.0,3,APO*
473,(2016 WF),2016-Nov-16 22:49 ±,5.71/0.01466,5.70/0.01463,5.89,5.86,900.0,27.0,5,APO*
474,(2016 WD),2016-Nov-16 23:01 ±,18.48/0.04748,18.34/0.04714,13.9,13.9,295.0,24.9,3,AMO*
475,(2016 WC),2016-Nov-17 04:08 ±,1.73/0.00444,1.72/0.00443,21.85,21.82,713.0,27.7,1,APO*
476,(2016 WT),2016-Nov-17 06:54 ±,0.50/0.00129,0.50/0.00129,10.95,10.76,853.0,29.7,3,APO*
477,(2016 VV2),2016-Nov-17 09:00 ±,16.73/0.04298,16.72/0.04297,8.21,8.2,16000.0,24.8,5,APO*
478,(2016 WY),2016-Nov-17 13:59 ±,1.73/0.00445,1.73/0.00445,3.34,3.15,3880.0,29.4,10,ATE*
479,(2016 WE),2016-Nov-17 14:50 ±,10.89/0.02797,10.84/0.02784,7.18,7.16,370.0,26.6,4,APO*
480,(2016 UY56),2016-Nov-18 06:24 ±,7.20/0.01850,7.20/0.01850,11.85,11.84,19000000.0,23.9,21,APO*
481,433953 (1997 XR2),2016-Nov-18 15:05 ±,18.51/0.04756,18.51/0.04756,6.35,6.34,17900000.0,20.8,74,APO*
482,(2016 WQ1),2016-Nov-19 01:15 ±,2.34/0.00601,2.34/0.00601,7.92,7.86,3820.0,27.8,13,APO*
483,(2016 WN7),2016-Nov-20 02:06 ±,4.19/0.01076,4.17/0.01071,6.19,6.15,425.0,27.9,4,ATE*
484,(2016 WM7),2016-Nov-20 05:47 ±,14.17/0.03641,14.15/0.03635,5.47,5.45,957.0,26.0,7,APO*
485,(2016 WH),2016-Nov-21 00:07 ±,2.34/0.00602,2.33/0.00600,11.1,11.06,685.0,27.0,2,APO*
486,(2016 WL1),2016-Nov-21 05:35 ±,18.06/0.04641,17.96/0.04615,7.08,7.08,305.0,25.8,2,APO*
487,(2016 WT3),2016-Nov-21 12:54 ±,0.94/0.00243,0.94/0.00242,14.52,14.44,502.0,28.6,1,APO*
488,(2016 WF7),2016-Nov-21 15:38 ±,1.95/0.00502,1.95/0.00500,6.52,6.43,513.0,28.8,5,ATE*
489,(2016 VC1),2016-Nov-22 02:54 ±,17.58/0.04517,17.54/0.04508,18.23,18.23,1200.0,21.7,12,APO*
490,(2016 WT7),2016-Nov-22 10:39 ±,9.51/0.02443,9.50/0.02440,3.7,3.67,1480.0,25.9,8,APO*
491,(2016 VS1),2016-Nov-22 21:48 ±,19.26/0.04949,19.19/0.04931,5.14,5.13,456.0,25.7,6,ATE*
492,(2016 WC10),2016-Nov-23 00:09 ±   00:04,2.88/0.00740,2.86/0.00735,9.44,9.4,287.0,27.1,1,APO*
493,(2016 WU7),2016-Nov-24 06:13 ±,4.85/0.01247,4.85/0.01245,15.81,15.8,1920.0,25.2,3,ATE*
494,(2016 WW2),2016-Nov-25 02:46 ±,0.35/0.00089,0.35/0.00089,9.87,9.56,2710.0,29.0,3,APO*
495,(2016 WU2),2016-Nov-25 03:41 ±,1.46/0.00375,1.46/0.00375,7.53,7.44,4200.0,27.4,2,APO*
496,(2016 WV2),2016-Nov-25 10:21 ±,6.69/0.01719,6.68/0.01716,7.71,7.69,992.0,26.3,3,APO*
497,(2016 WG),2016-Nov-25 20:08 ±,4.20/0.01079,4.19/0.01078,23.3,23.29,1960.0,23.3,11,APO*
498,(2016 WW7),2016-Nov-26 00:52 ±,12.82/0.03294,12.75/0.03277,8.4,8.39,348.0,26.8,2,AMO*
499,(2016 WV7),2016-Nov-26 11:12 ±,10.76/0.02764,10.73/0.02757,4.79,4.77,636.0,27.2,4,APO*
500,(2016 XC18),2016-Nov-26 17:34 ±,16.35/0.04203,16.29/0.04186,20.56,20.56,1290.0,21.9,7,APO*
501,(2016 WR55),2016-Nov-26 17:46 ±,1.13/0.00289,1.12/0.00288,14.18,14.12,445.0,28.3,1,APO*
502,(2016 WR8),2016-Nov-26 20:11 ±,6.49/0.01668,6.46/0.01660,11.75,11.74,424.0,27.5,3,APO*
503,(2016 XH),2016-Nov-27 15:12 ±   00:01,19.04/0.04891,18.83/0.04839,6.97,6.96,162.0,26.0,3,AMO*
504,(2016 WA8),2016-Nov-27 21:44 ±,8.31/0.02136,8.29/0.02131,13.93,13.92,869.0,24.7,4,APO*
505,(2016 WL7),2016-Nov-29 02:04 ±,11.54/0.02966,11.52/0.02959,6.83,6.82,780.0,24.3,3,APO*
506,(2016 XG),2016-Nov-29 05:58 ±,3.19/0.00819,3.18/0.00816,11.74,11.71,611.0,28.4,1,APO*
507,(2016 XQ1),2016-Nov-29 18:06 ±,8.19/0.02104,8.17/0.02100,8.73,8.72,831.0,26.0,7,APO*
508,(2016 XL18),2016-Nov-29 22:01 ±,14.48/0.03720,14.44/0.03711,7.51,7.5,770.0,26.0,4,APO*
509,(2016 WQ),2016-Nov-30 10:56 ±,4.45/0.01144,4.43/0.01138,13.57,13.55,441.0,25.5,6,APO*
510,(2016 XL23),2016-Nov-30 12:54 ±,0.23/0.00058,0.23/0.00058,10.6,10.16,1080.0,29.3,1,APO*
511,(2016 WZ8),2016-Nov-30 18:47 ±,4.15/0.01067,4.15/0.01065,4.93,4.88,941.0,28.4,4,APO*
512,(2016 WC8),2016-Dec-01 03:35 ±,17.66/0.04537,17.58/0.04517,10.78,10.77,457.0,24.1,2,APO*
513,(2016 WG7),2016-Dec-01 15:55 ±,2.61/0.00670,2.61/0.00670,6.58,6.52,4060.0,26.0,7,ATE*
514,(2016 WQ3),2016-Dec-01 18:47 ±,1.48/0.00380,1.48/0.00380,3.55,3.35,1910.0,28.8,5,APO*
515,(2016 XJ),2016-Dec-01 23:16 ±,5.09/0.01307,5.08/0.01306,4.65,4.61,1360.0,27.4,2,APO*
516,(2016 XZ20),2016-Dec-02 15:55 ±   00:02,8.95/0.02299,8.74/0.02245,23.43,23.43,108.0,23.8,2,APO*
517,(2016 WU9),2016-Dec-03 05:45 ±,18.58/0.04774,18.40/0.04727,17.12,17.12,233.0,25.2,2,APO*
518,(2016 XB),2016-Dec-03 21:07 ±   00:06,13.46/0.03458,13.38/0.03438,7.69,7.68,296.0,26.7,1,APO*
519,(2016 XP1),2016-Dec-05 10:42 ±,10.92/0.02806,10.89/0.02798,8.08,8.07,697.0,26.8,4,APO*
520,(2016 WB8),2016-Dec-05 17:46 ±,3.60/0.00926,3.60/0.00925,8.29,8.26,1770.0,25.9,7,APO*
521,(2016 WD7),2016-Dec-06 09:21 ±,4.18/0.01074,4.18/0.01074,2.81,2.72,23800.0,27.3,8,APO*
522,(2016 TD18),2016-Dec-06 17:56 ±,17.84/0.04584,17.84/0.04584,6.29,6.28,27400.0,23.6,16,APO*
523,(2016 WH10),2016-Dec-06 19:20 ±,5.70/0.01465,5.69/0.01462,10.45,10.43,1090.0,26.0,5,APO*
524,(2016 YD8),2016-Dec-07 03:30 ±   00:08,9.07/0.02330,9.06/0.02327,15.52,15.52,2500.0,22.9,4,APO*
525,(2016 XE),2016-Dec-07 08:42 ±,1.47/0.00379,1.47/0.00378,7.02,6.92,1670.0,28.2,4,APO*
526,(2016 WQ8),2016-Dec-08 20:40 ±,5.08/0.01306,5.06/0.01301,13.95,13.94,605.0,24.6,6,APO*
527,(2016 XA),2016-Dec-12 01:30 ±,7.20/0.01849,7.16/0.01840,11.06,11.05,394.0,26.0,7,APO*
528,(2016 XR23),2016-Dec-12 13:11 ±,4.42/0.01137,4.42/0.01136,5.93,5.89,10600.0,25.4,16,APO*
529,481817 (2008 UL90),2016-Dec-12 14:53 ±,15.23/0.03914,15.23/0.03914,13.15,13.15,9000000.0,18.7,49,IEO*
530,(2017 AD21),2016-Dec-12 22:13 ±   20:21,13.18/0.03386,8.92/0.02291,3.77,3.74,36.3,27.0,1,APO*
531,(2016 XW20),2016-Dec-13 00:18 ±,1.79/0.00460,1.79/0.00459,8.42,8.35,1500.0,26.7,4,APO*
532,(2016 YY),2016-Dec-13 05:14 ±,15.01/0.03857,14.99/0.03851,15.99,15.98,3170.0,25.4,5,APO*
533,(2016 XA21),2016-Dec-13 17:25 ±,12.63/0.03246,12.60/0.03238,5.83,5.81,675.0,25.7,5,APO*
534,(2015 YA),2016-Dec-13 19:45 ±   00:14,9.61/0.02470,9.11/0.02340,8.0,7.99,37300.0,27.4,6,ATE*
535,(2015 XX169),2016-Dec-13 20:23 ±,7.46/0.01918,7.46/0.01918,6.43,6.41,14800.0,27.5,6,APO*
536,(2016 YH),2016-Dec-15 17:47 ±,7.68/0.01973,7.66/0.01968,8.8,8.78,786.0,25.5,6,ATE*
537,(2016 YK4),2016-Dec-15 20:11 ±,5.38/0.01382,5.36/0.01377,7.94,7.92,462.0,26.1,3,ATE*
538,(2016 YL3),2016-Dec-16 13:09 ±,15.75/0.04048,15.70/0.04035,10.42,10.41,750.0,25.3,4,APO*
539,(2016 YE),2016-Dec-16 21:01 ±,12.18/0.03130,12.16/0.03124,4.68,4.66,755.0,25.9,6,APO*
540,(2016 XK18),2016-Dec-18 22:01 ±,5.85/0.01502,5.85/0.01502,8.53,8.5,693000.0,24.5,16,APO*
541,(2017 AG3),2016-Dec-19 00:43 ±   00:03,15.90/0.04086,15.72/0.04040,10.75,10.74,172.0,25.4,2,APO*
542,(2017 BY32),2016-Dec-20 09:57 ±   01:00,15.77/0.04052,15.65/0.04021,3.31,3.29,218.0,26.3,2,APO*
543,(2010 XN),2016-Dec-21 00:27 ±,17.47/0.04489,17.47/0.04488,11.65,11.65,115000.0,24.2,14,APO*
544,481457 (2006 XD2),2016-Dec-21 07:55 ±,18.86/0.04845,18.86/0.04845,13.59,13.58,23900000.0,21.0,47,APO*
545,(2016 YG),2016-Dec-21 15:41 ±,11.70/0.03005,11.67/0.02999,7.44,7.43,814.0,26.0,5,APO*
546,(2015 YQ1),2016-Dec-21 16:09 ±   00:20,6.17/0.01585,5.58/0.01433,11.99,11.98,52900.0,28.0,7,APO*
547,(2016 YC13),2016-Dec-21 21:46 ±   10:03,5.79/0.01488,4.03/0.01036,13.41,13.4,20.6,26.7,1,APO*
548,(2016 YJ),2016-Dec-22 10:22 ±,1.22/0.00313,1.22/0.00312,9.36,9.27,1100.0,27.1,6,APO*
549,(2016 YY10),2016-Dec-22 14:23 ±,8.97/0.02306,8.93/0.02294,9.79,9.78,372.0,25.9,1,APO*
550,(2016 YS),2016-Dec-23 03:02 ±,3.92/0.01008,3.92/0.01008,8.46,8.43,2780.0,25.0,4,APO*
551,(2016 XD2),2016-Dec-23 19:29 ±,16.91/0.04345,16.86/0.04331,7.33,7.33,569.0,23.9,11,ATE*
552,(2016 YQ),2016-Dec-23 23:36 ±,12.24/0.03145,12.22/0.03140,6.52,6.51,1010.0,24.8,7,APO*
553,(2017 AT20),2016-Dec-24 11:49 ±   23:15,1.48/0.00381,1.21/0.00311,7.98,7.9,36.1,27.1,1,APO*
554,(2017 AD5),2016-Dec-24 14:59 ±,10.59/0.02721,10.55/0.02711,8.13,8.12,480.0,24.1,4,APO*
555,(2016 YF),2016-Dec-24 20:53 ±,8.68/0.02231,8.67/0.02228,7.7,7.69,1300.0,25.4,12,APO*
556,(2017 AO4),2016-Dec-26 03:25 ±,5.71/0.01466,5.70/0.01465,7.84,7.82,1920.0,24.9,7,APO*
557,(2017 AH5),2016-Dec-26 09:33 ±   00:26,8.18/0.02102,7.95/0.02042,21.07,21.07,104.0,24.3,1,APO*
558,(2016 YR),2016-Dec-27 05:00 ±   00:04,7.16/0.01841,7.15/0.01836,2.34,2.27,585.0,27.2,6,APO*
559,(2017 AE3),2016-Dec-28 13:48 ±,8.49/0.02181,8.48/0.02179,18.95,18.94,2760.0,21.8,8,APO*
560,(2016 YM3),2016-Dec-29 03:06 ±,4.42/0.01135,4.41/0.01132,8.38,8.35,765.0,26.8,2,APO*
561,(2012 YK),2016-Dec-30 01:58 ±,16.87/0.04334,16.87/0.04334,10.51,10.5,428000.0,23.0,28,ATE*
562,(2017 AG5),2016-Dec-30 21:46 ±,4.57/0.01175,4.57/0.01175,8.62,8.6,12300.0,22.5,23,APO*
563,(2016 YH3),2016-Dec-31 09:00 ±,14.56/0.03741,14.48/0.03720,14.59,14.59,395.0,24.5,2,APO*
564,(2017 AP4),2017-Jan-01 01:17 ±,2.23/0.00574,2.23/0.00574,7.78,7.72,6060.0,26.9,9,APO*
565,226514 (2003 UX34),2017-Jan-02 12:18 ±,19.03/0.04890,19.03/0.04890,20.65,20.65,2020000.0,20.1,53,APO*
566,(2017 AK13),2017-Jan-03 19:32 ±,8.75/0.02248,8.73/0.02243,11.53,11.52,929.0,23.6,5,APO*
567,(2017 BF32),2017-Jan-04 03:31 ±   00:22,16.42/0.04219,15.81/0.04064,15.31,15.31,554.0,24.1,2,APO*
568,(2016 YB8),2017-Jan-04 05:44 ±,11.68/0.03001,11.65/0.02993,12.43,12.42,742.0,24.5,6,APO*
569,(2017 AL13),2017-Jan-04 06:14 ±,10.46/0.02689,10.38/0.02667,12.0,11.99,309.0,25.5,2,APO*
570,(2016 XK),2017-Jan-04 12:46 ±,16.83/0.04326,16.81/0.04320,7.81,7.81,1420.0,23.2,9,APO*
571,(2017 AF13),2017-Jan-06 00:07 ±,2.81/0.00723,2.81/0.00722,7.08,7.03,2870.0,26.5,3,APO*
572,(2017 AP19),2017-Jan-06 16:20 ±,3.35/0.00861,3.34/0.00859,11.35,11.33,1150.0,23.6,2,APO*
573,(2017 AZ3),2017-Jan-07 02:53 ±,1.29/0.00332,1.29/0.00332,5.82,5.68,1990.0,30.0,2,APO*
574,(2016 YK),2017-Jan-08 01:10 ±,13.53/0.03477,13.50/0.03470,9.83,9.82,971.0,23.6,13,APO*
575,(2017 BY),2017-Jan-08 02:18 ±,5.29/0.01358,5.28/0.01357,5.01,4.97,1680.0,25.5,8,APO*
576,(2017 AS4),2017-Jan-08 17:05 ±,1.46/0.00376,1.46/0.00374,18.45,18.42,778.0,26.8,3,APO*
577,(2017 AG13),2017-Jan-09 12:50 ±,0.54/0.00139,0.54/0.00139,15.7,15.58,3190.0,26.1,4,ATE*
578,(2017 AT4),2017-Jan-09 15:35 ±,10.96/0.02816,10.95/0.02814,3.41,3.38,2020.0,26.6,11,APO*
579,(2017 AM13),2017-Jan-10 18:16 ±,14.75/0.03791,14.67/0.03769,16.28,16.28,395.0,25.0,2,APO*
580,(2017 AF3),2017-Jan-11 17:14 ±,15.06/0.03870,14.98/0.03848,9.19,9.18,342.0,25.3,7,APO*
581,(2017 BS),2017-Jan-12 04:46 ±,14.80/0.03802,14.77/0.03795,6.39,6.38,867.0,24.5,4,APO*
582,(2017 BV),2017-Jan-13 20:05 ±,10.64/0.02733,10.56/0.02714,11.26,11.25,280.0,26.0,2,APO*
583,(2017 BU32),2017-Jan-14 00:32 ±   00:02,16.99/0.04367,16.92/0.04347,6.95,6.94,405.0,26.5,1,APO*
584,(2017 BW6),2017-Jan-14 02:49 ±   00:03,15.94/0.04095,15.65/0.04020,9.98,9.98,538.0,25.3,2,APO*
585,(2017 AJ13),2017-Jan-14 10:54 ±,6.73/0.01728,6.71/0.01725,10.68,10.67,982.0,24.1,5,APO*
586,(2017 BF92),2017-Jan-15 02:35 ±   00:16,10.05/0.02582,9.59/0.02465,9.93,9.92,40.7,26.6,1,APO*
587,(2017 BW93),2017-Jan-15 14:31 ±   00:03,10.29/0.02645,10.12/0.02601,7.9,7.89,188.0,25.2,2,APO*
588,(2017 BN32),2017-Jan-17 18:06 ±,12.27/0.03152,12.25/0.03148,4.82,4.8,2110.0,24.9,9,APO*
589,(2016 YC8),2017-Jan-18 04:40 ±,9.47/0.02433,9.46/0.02431,6.67,6.65,1940.0,24.6,12,APO*
590,(2015 BB),2017-Jan-18 08:36 ± 1_02:45,13.79/0.03543,13.40/0.03442,15.85,15.84,27500.0,24.9,3,APO*
591,(2017 BY6),2017-Jan-19 09:19 ±,17.70/0.04547,17.56/0.04513,8.54,8.54,242.0,26.0,2,APO*
592,(2017 BG92),2017-Jan-19 13:55 ±   00:03,1.62/0.00416,1.61/0.00413,5.49,5.37,264.0,28.5,3,APO*
593,(2017 BC6),2017-Jan-19 22:19 ±,7.70/0.01978,7.62/0.01958,12.17,12.16,205.0,26.7,2,APO*
594,(2017 BE30),2017-Jan-20 08:45 ±,5.65/0.01451,5.63/0.01446,16.43,16.42,685.0,26.1,8,APO*
595,(2017 BQ30),2017-Jan-21 03:10 ±,7.34/0.01885,7.31/0.01879,10.57,10.55,667.0,25.4,5,APO*
596,(2017 BS5),2017-Jan-21 10:15 ±,6.55/0.01682,6.54/0.01681,5.95,5.92,2720.0,24.1,5,APO*
597,(2017 BR5),2017-Jan-22 05:28 ±,2.11/0.00542,2.10/0.00540,10.36,10.32,416.0,27.6,1,APO*
598,(2017 BK),2017-Jan-22 09:29 ±,15.24/0.03915,15.20/0.03905,8.92,8.91,708.0,24.0,7,APO*
599,(2017 BR6),2017-Jan-23 09:10 ±,4.78/0.01228,4.77/0.01225,9.76,9.74,787.0,27.9,2,ATE*
600,(2017 BN6),2017-Jan-23 14:09 ±,1.66/0.00426,1.65/0.00423,13.97,13.93,371.0,27.4,3,APO*
601,(2017 BD6),2017-Jan-24 09:59 ±,1.98/0.00509,1.98/0.00508,9.27,9.21,1150.0,28.4,8,APO*
602,(2017 BZ6),2017-Jan-24 14:22 ±,15.77/0.04051,15.75/0.04046,3.4,3.38,1380.0,26.1,11,APO*
603,(2017 CO),2017-Jan-25 01:52 ±   00:03,16.70/0.04291,16.61/0.04268,3.87,3.85,304.0,26.1,4,APO*
604,(2017 BX),2017-Jan-25 04:54 ±,0.69/0.00178,0.69/0.00178,7.43,7.23,5700.0,28.0,6,APO*
605,(2017 CP),2017-Jan-25 14:27 ±   00:01,8.17/0.02099,8.11/0.02084,6.0,5.98,234.0,27.1,1,APO*
606,(2017 BA6),2017-Jan-25 16:18 ±,13.50/0.03470,13.42/0.03448,15.11,15.1,351.0,26.3,1,APO*
607,(2017 BM30),2017-Jan-25 19:06 ±,4.69/0.01205,4.68/0.01202,16.95,16.93,704.0,26.5,5,APO*
608,(2017 BA7),2017-Jan-26 01:37 ±,1.12/0.00287,1.12/0.00287,18.98,18.93,1930.0,28.1,4,APO*
609,(2017 AK3),2017-Jan-26 05:22 ±,11.26/0.02893,11.26/0.02892,10.71,10.7,4600.0,24.6,11,APO*
610,(2016 YP4),2017-Jan-26 06:25 ±,12.65/0.03250,12.65/0.03249,2.33,2.3,9360.0,27.0,13,APO*
611,(2017 BR32),2017-Jan-27 17:41 ±,7.70/0.01979,7.68/0.01974,8.1,8.09,875.0,26.7,3,APO*
612,(2017 BH30),2017-Jan-30 04:51 ±,0.13/0.00035,0.13/0.00035,15.46,14.96,7200.0,28.8,5,APO*
613,(2017 BN30),2017-Jan-31 00:50 ±,10.22/0.02626,10.19/0.02618,7.99,7.98,624.0,25.7,4,APO*
614,(2017 BJ30),2017-Jan-31 02:36 ±,1.03/0.00264,1.03/0.00263,5.89,5.72,3550.0,26.7,3,APO*
615,(2017 BY5),2017-Jan-31 08:59 ±,10.42/0.02677,10.39/0.02669,9.48,9.47,608.0,26.0,2,APO*
616,(2017 CR1),2017-Jan-31 14:00 ±,8.70/0.02236,8.67/0.02228,5.49,5.47,454.0,27.8,1,APO*
617,(2017 BT6),2017-Jan-31 17:48 ±,13.12/0.03370,13.06/0.03357,12.28,12.28,514.0,24.8,1,APO*
618,(2017 BB7),2017-Jan-31 17:54 ±,2.97/0.00764,2.96/0.00761,7.18,7.13,441.0,27.9,3,ATE*
619,(2017 CM1),2017-Jan-31 21:57 ±,18.95/0.04869,18.89/0.04853,6.39,6.38,533.0,25.8,4,AMO*
620,(2017 BN92),2017-Feb-01 15:23 ±,4.84/0.01244,4.84/0.01243,6.3,6.27,1760.0,25.6,7,APO*
621,(2017 BF136),2017-Feb-02 02:45 ±,7.86/0.02020,7.75/0.01992,20.73,20.72,173.0,26.1,1,APO*
622,(2017 BB6),2017-Feb-02 04:43 ±,5.57/0.01432,5.54/0.01423,9.81,9.79,287.0,27.1,3,APO*
623,(2017 BQ32),2017-Feb-02 08:32 ±,10.32/0.02651,10.28/0.02641,7.46,7.45,452.0,26.8,3,APO*
624,(2017 CY32),2017-Feb-02 13:59 ±   00:06,1.63/0.00419,1.58/0.00406,17.68,17.64,65.8,28.5,1,APO*
625,(2017 BS32),2017-Feb-02 20:24 ±,0.42/0.00109,0.42/0.00109,11.57,11.36,4300.0,27.3,7,ATE*
626,(2017 CT),2017-Feb-03 00:04 ±   00:04,11.03/0.02834,10.93/0.02810,10.56,10.55,227.0,26.8,1,APO*
627,(2005 VL1),2017-Feb-03 14:41 ±,11.41/0.02932,11.41/0.02932,5.59,5.57,270000.0,26.6,17,ATE*
628,(2017 CX1),2017-Feb-04 14:41 ±,3.57/0.00916,3.56/0.00915,4.27,4.2,1710.0,28.2,2,APO*
629,(2017 BG30),2017-Feb-05 13:25 ±,2.48/0.00637,2.47/0.00636,3.3,3.17,915.0,29.4,5,APO*
630,(2013 FK),2017-Feb-05 17:32 ±,7.10/0.01824,7.10/0.01824,8.72,8.7,15200000.0,23.3,26,APO*
631,(2017 BK30),2017-Feb-05 21:51 ±,8.64/0.02220,8.62/0.02216,10.4,10.39,902.0,27.3,10,APO*
632,(2017 BZ93),2017-Feb-05 23:35 ±,12.65/0.03249,12.55/0.03226,24.59,24.59,353.0,24.9,2,APO*
633,(2017 CR),2017-Feb-06 03:48 ±,4.27/0.01098,4.24/0.01090,17.22,17.21,306.0,26.5,2,APO*
634,(2017 CR5),2017-Feb-06 08:17 ±,8.27/0.02125,8.18/0.02102,7.05,7.03,157.0,26.9,1,APO*
635,(2017 BV93),2017-Feb-07 04:34 ±   00:02,16.04/0.04122,15.96/0.04101,4.2,4.19,301.0,24.9,5,ATE*
636,(2017 BQ6),2017-Feb-07 06:36 ±,6.56/0.01686,6.56/0.01686,11.2,11.19,562000.0,21.4,21,APO*
637,(2017 CX31),2017-Feb-07 08:46 ±,3.02/0.00777,3.02/0.00777,9.18,9.14,2270.0,25.1,2,APO*
638,(2017 BU),2017-Feb-07 11:35 ±,15.25/0.03918,15.21/0.03909,6.97,6.96,798.0,25.1,11,APO*
639,(2015 BN509),2017-Feb-07 21:31 ±,16.21/0.04165,16.21/0.04165,19.37,19.37,8660000.0,20.7,45,APO*
640,(2016 YJ4),2017-Feb-08 18:52 ±,17.36/0.04461,17.34/0.04457,9.91,9.9,2300.0,23.3,7,APO*
641,(2017 BM93),2017-Feb-08 20:37 ±,3.36/0.00863,3.34/0.00859,10.67,10.64,379.0,26.5,4,APO*
642,(2017 BM3),2017-Feb-08 23:37 ±,12.54/0.03223,12.54/0.03221,8.52,8.51,2690.0,23.0,14,ATE*
643,(2017 BP30),2017-Feb-09 02:30 ±,14.68/0.03772,14.63/0.03758,7.14,7.13,486.0,26.0,5,APO*
644,(2017 CF32),2017-Feb-10 05:43 ±,2.57/0.00659,2.56/0.00659,4.04,3.94,2460.0,26.1,12,APO*
645,(2017 DX34),2017-Feb-10 08:32 ±,5.06/0.01299,5.05/0.01297,5.55,5.51,1810.0,25.2,7,APO*
646,(2017 DC),2017-Feb-10 16:27 ±,10.27/0.02639,10.22/0.02627,32.28,32.28,1150.0,23.0,6,APO*
647,(2014 DV110),2017-Feb-10 19:45 ±   17:21,9.85/0.02531,0.88/0.00225,7.95,7.94,4600.0,24.9,9,ATE*
648,(2017 BO6),2017-Feb-12 04:05 ±,18.19/0.04674,18.09/0.04648,7.22,7.21,313.0,26.1,6,ATE*
649,(2017 CP32),2017-Feb-12 05:35 ±,2.39/0.00614,2.39/0.00613,10.36,10.32,971.0,23.9,5,ATE*
650,(2015 QR3),2017-Feb-12 10:38 ±,13.30/0.03419,13.30/0.03419,7.0,6.99,192000.0,25.7,6,APO*
651,(2017 BK32),2017-Feb-12 12:36 ±,10.57/0.02715,10.52/0.02704,13.44,13.43,518.0,26.1,4,APO*
652,(2017 DT15),2017-Feb-13 07:28 ±,17.20/0.04421,17.18/0.04415,4.86,4.85,1210.0,25.2,11,AMO*
653,(2017 DY119),2017-Feb-13 12:42 ±   03:55,6.95/0.01785,6.58/0.01690,13.62,13.61,42.4,26.1,1,APO*
654,(2017 DK34),2017-Feb-13 14:23 ±,6.15/0.01581,6.14/0.01577,8.64,8.62,649.0,26.8,2,APO*
655,(2017 DS15),2017-Feb-13 22:28 ±,6.51/0.01673,6.47/0.01663,19.14,19.13,400.0,25.7,2,APO*
656,(2017 BW),2017-Feb-17 01:41 ±,4.63/0.01191,4.63/0.01191,4.97,4.92,10100000.0,23.4,36,APO*
657,(2017 DW119),2017-Feb-17 12:02 ±   01:37,15.03/0.03862,10.31/0.02648,7.71,7.7,6.02,26.7,1,APO*
658,(2017 DP36),2017-Feb-17 17:10 ±,1.53/0.00393,1.52/0.00391,6.13,6.01,551.0,28.3,1,APO*
659,(2017 DH16),2017-Feb-17 23:16 ±,3.33/0.00855,3.32/0.00852,9.52,9.48,533.0,27.1,4,APO*
660,(2017 DC36),2017-Feb-18 12:06 ±,4.23/0.01088,4.23/0.01087,8.16,8.13,3160.0,22.1,21,ATE*
661,(2017 DX119),2017-Feb-18 15:58 ±   00:04,2.27/0.00584,2.26/0.00582,9.48,9.44,790.0,28.5,1,APO*
662,(2017 DZ35),2017-Feb-19 08:40 ±,6.40/0.01645,6.39/0.01642,8.48,8.46,880.0,26.3,2,APO*
663,(2017 DF),2017-Feb-19 09:27 ±,2.09/0.00536,2.09/0.00536,5.37,5.28,7430.0,26.6,7,APO*
664,(2017 DB),2017-Feb-20 16:34 ±,1.82/0.00468,1.82/0.00468,8.1,8.03,1360.0,27.0,4,APO*
665,(2017 DV15),2017-Feb-21 03:16 ±,8.76/0.02251,8.75/0.02250,6.93,6.91,3140.0,25.2,6,APO*
666,(2017 DQ34),2017-Feb-22 00:54 ±,15.48/0.03978,15.38/0.03952,13.45,13.44,326.0,26.0,3,AMO*
667,(2016 CO246),2017-Feb-22 02:04 ±,15.32/0.03937,15.32/0.03937,5.42,5.41,114000.0,26.1,11,APO*
668,(2017 DP34),2017-Feb-22 02:25 ±,13.48/0.03463,13.44/0.03453,8.57,8.57,641.0,24.2,6,APO*
669,(2017 FB3),2017-Feb-22 14:17 ±   01:29,11.34/0.02914,11.24/0.02888,4.32,4.3,157.0,25.7,1,APO*
670,(2017 DD36),2017-Feb-22 15:15 ±,2.49/0.00639,2.48/0.00638,8.5,8.45,780.0,26.7,5,APO*
671,(2017 DD),2017-Feb-23 11:36 ±,14.58/0.03747,14.57/0.03744,7.52,7.51,1780.0,23.2,7,APO*
672,(2017 DZ37),2017-Feb-23 19:46 ±,1.01/0.00258,1.00/0.00258,13.01,12.93,719.0,28.6,1,APO*
673,(2017 DR109),2017-Feb-23 20:34 ±,2.32/0.00596,2.32/0.00595,7.19,7.13,662.0,27.6,1,ATE*
674,(2017 DG16),2017-Feb-23 21:08 ±,0.36/0.00092,0.36/0.00092,6.91,6.48,1860.0,29.3,3,APO*
675,(2017 BY93),2017-Feb-23 22:00 ±,2.37/0.00609,2.37/0.00609,19.25,19.22,744000.0,23.1,27,APO*
676,(2017 DU34),2017-Feb-24 01:52 ±,9.99/0.02566,9.97/0.02561,10.65,10.64,1000.0,26.8,3,ATE*
677,(2017 DT34),2017-Feb-24 03:33 ±,2.44/0.00627,2.44/0.00627,10.59,10.55,2690.0,27.8,2,APO*
678,5604 (1992 FE),2017-Feb-24 10:03 ±,13.07/0.03360,13.07/0.03360,11.94,11.94,1040000.0,17.2,111,ATE*
679,(2017 CP1),2017-Feb-24 10:26 ±,3.58/0.00920,3.58/0.00920,4.55,4.49,10700.0,24.6,18,APO*
680,(2017 DR34),2017-Feb-25 04:52 ±,0.58/0.00149,0.58/0.00149,11.41,11.26,2310.0,29.2,1,APO*
681,(2017 DX35),2017-Feb-25 10:27 ±,13.27/0.03409,13.23/0.03400,5.68,5.67,602.0,27.1,2,AMO*
682,(2017 DF38),2017-Feb-26 03:50 ±,8.88/0.02281,8.86/0.02277,8.64,8.63,1060.0,26.0,3,APO*
683,(2017 EA3),2017-Feb-26 12:01 ±,10.76/0.02764,10.73/0.02757,10.45,10.44,786.0,23.2,4,APO*
684,(2016 FU12),2017-Feb-26 16:36 ±   00:37,16.25/0.04175,15.66/0.04024,3.88,3.86,396.0,26.9,3,APO*
685,(2017 DV36),2017-Feb-27 02:58 ±,1.02/0.00263,1.02/0.00263,10.78,10.68,2880.0,27.9,2,APO*
686,(2017 DA38),2017-Feb-27 05:03 ±,7.29/0.01874,7.29/0.01872,7.48,7.46,2190.0,24.9,8,APO*
687,(2017 ET2),2017-Feb-27 19:40 ±,12.08/0.03104,11.91/0.03061,10.8,10.79,143.0,25.8,3,APO*
688,(2017 DS34),2017-Feb-27 19:49 ±,7.12/0.01829,7.08/0.01821,21.97,21.97,526.0,25.7,4,APO*
689,(2017 BM123),2017-Feb-27 20:02 ±,12.43/0.03194,12.42/0.03192,8.68,8.67,3630.0,23.7,12,APO*
690,(2017 DS37),2017-Feb-28 01:20 ±,7.43/0.01909,7.42/0.01906,5.51,5.48,886.0,27.3,1,ATE*
691,(2017 DJ16),2017-Feb-28 21:50 ±,4.07/0.01046,4.05/0.01042,11.08,11.05,532.0,25.8,5,APO*
692,(2017 ED23),2017-Mar-01 01:36 ±   00:44,6.46/0.01660,6.31/0.01621,25.32,25.32,121.0,24.6,1,APO*
693,(2017 EK4),2017-Mar-01 01:42 ±,10.88/0.02796,10.78/0.02771,10.75,10.75,221.0,26.4,2,APO*
694,(2017 EJ4),2017-Mar-01 14:14 ±,16.93/0.04351,16.86/0.04332,6.77,6.76,392.0,25.4,2,APO*
695,(2017 EF3),2017-Mar-02 01:27 ±,18.52/0.04758,18.29/0.04700,17.09,17.09,187.0,24.3,2,APO*
696,(2017 ED),2017-Mar-02 13:25 ±,5.35/0.01375,5.35/0.01374,5.02,4.98,2140.0,26.3,7,APO*
697,(2017 EA),2017-Mar-02 14:05 ±,0.05/0.00014,0.05/0.00014,18.43,17.36,15900.0,30.8,1,APO*
698,(2012 DR32),2017-Mar-02 19:30 ±,4.68/0.01201,4.68/0.01201,16.55,16.53,105000.0,24.8,11,ATE*
699,(2017 EJ1),2017-Mar-03 02:44 ±,2.16/0.00556,2.16/0.00555,9.41,9.36,868.0,27.7,3,APO*
700,(2017 EG1),2017-Mar-03 07:07 ±   00:01,4.42/0.01135,4.37/0.01123,6.11,6.07,164.0,27.5,1,APO*
701,(2017 DP109),2017-Mar-03 07:40 ±,2.56/0.00658,2.56/0.00657,11.92,11.89,833.0,26.9,1,APO*
702,(2017 FB1),2017-Mar-03 13:26 ±   00:16,11.90/0.03059,11.61/0.02983,22.73,22.73,257.0,23.4,3,APO*
703,(2017 DW34),2017-Mar-04 02:35 ±,19.11/0.04911,18.92/0.04861,22.19,22.19,244.0,23.2,5,APO*
704,(2017 FF1),2017-Mar-04 09:29 ±   00:36,10.47/0.02691,10.31/0.02649,11.94,11.94,144.0,26.0,1,APO*
705,(2017 EL4),2017-Mar-04 21:33 ±,8.22/0.02113,8.16/0.02096,16.65,16.64,272.0,25.4,2,APO*
706,(2017 FR),2017-Mar-05 02:24 ±   00:04,5.82/0.01495,5.80/0.01489,6.36,6.33,429.0,25.4,4,APO*
707,(2017 EJ),2017-Mar-05 11:38 ±,4.87/0.01251,4.86/0.01248,28.07,28.07,1150.0,25.4,2,APO*
708,(2017 DS109),2017-Mar-05 14:29 ±,0.92/0.00236,0.92/0.00236,11.38,11.28,3670.0,26.0,2,APO*
709,(2017 EV),2017-Mar-05 19:34 ±,2.78/0.00714,2.78/0.00713,8.53,8.49,1380.0,26.8,3,APO*
710,(2017 FM2),2017-Mar-06 00:07 ±   00:02,7.00/0.01799,6.97/0.01792,3.35,3.3,454.0,25.4,1,ATE*
711,(2017 EA23),2017-Mar-06 07:49 ±   00:04,6.94/0.01784,6.31/0.01622,15.13,15.12,22.6,26.1,1,APO*
712,(2017 DZ108),2017-Mar-06 10:42 ±,11.06/0.02843,11.04/0.02836,5.97,5.95,670.0,26.2,5,APO*
713,(2017 EF4),2017-Mar-06 22:33 ±,7.46/0.01917,7.43/0.01909,7.98,7.96,455.0,26.2,2,APO*
714,(2017 EF),2017-Mar-07 07:00 ±,7.43/0.01909,7.42/0.01906,9.53,9.52,1210.0,27.2,2,APO*
715,(2017 DL34),2017-Mar-07 08:17 ±,18.45/0.04740,18.39/0.04726,5.99,5.98,600.0,25.9,9,APO*
716,(2017 DD38),2017-Mar-07 12:20 ±,14.95/0.03841,14.88/0.03824,17.15,17.14,524.0,24.4,5,APO*
717,(2017 EW),2017-Mar-07 13:57 ±,4.48/0.01150,4.45/0.01144,11.68,11.66,367.0,27.0,3,APO*
718,(2017 FV2),2017-Mar-07 22:36 ±   00:04,15.87/0.04077,15.51/0.03985,22.44,22.44,118.0,23.2,1,APO*
719,(2017 DV35),2017-Mar-08 14:07 ±   00:01,9.64/0.02478,9.63/0.02473,3.51,3.48,783.0,27.2,6,ATE*
720,(2017 EZ2),2017-Mar-08 20:37 ±,5.86/0.01507,5.86/0.01506,10.48,10.46,2330.0,25.1,3,APO*
721,(2017 DR35),2017-Mar-09 04:30 ±   00:01,11.77/0.03024,11.69/0.03005,5.47,5.45,260.0,26.3,4,APO*
722,(2015 EF),2017-Mar-10 03:40 ± 1_17:35,18.81/0.04834,2.26/0.00580,15.96,15.96,9250.0,26.8,4,APO*
723,(2017 EH3),2017-Mar-10 05:44 ±,15.53/0.03990,15.49/0.03981,9.06,9.05,800.0,25.8,2,APO*
724,(2017 FU),2017-Mar-10 14:06 ±,14.56/0.03740,14.49/0.03724,8.86,8.85,421.0,25.6,3,APO*
725,(2017 DA36),2017-Mar-10 22:09 ±,4.04/0.01039,4.04/0.01038,7.19,7.15,2750.0,25.1,16,APO*
726,(2012 EQ10),2017-Mar-11 11:25 ± 2_10:23,17.33/0.04453,8.90/0.02288,7.68,7.67,102000.0,25.9,7,APO*
727,(2017 EE3),2017-Mar-11 21:07 ±,7.77/0.01996,7.76/0.01993,8.62,8.6,1360.0,26.0,5,APO*
728,(2017 EM),2017-Mar-12 08:36 ±,13.86/0.03561,13.82/0.03551,7.59,7.58,643.0,25.8,3,APO*
729,(2017 EK),2017-Mar-13 23:35 ±,4.95/0.01273,4.95/0.01271,12.67,12.65,1220.0,24.1,11,APO*
730,(2017 EU2),2017-Mar-14 05:40 ±,12.36/0.03176,12.32/0.03165,8.86,8.85,565.0,25.5,1,APO*
731,(2017 EK3),2017-Mar-14 12:15 ±,10.33/0.02654,10.30/0.02646,6.76,6.74,574.0,26.3,3,APO*
732,(2017 FW),2017-Mar-14 21:57 ±,4.44/0.01141,4.43/0.01138,14.08,14.07,944.0,26.5,3,APO*
733,(2017 EE4),2017-Mar-16 06:31 ±,7.04/0.01809,7.03/0.01806,12.14,12.12,1160.0,25.0,4,APO*
734,(1998 SL36),2017-Mar-16 13:30 ±,8.34/0.02143,8.34/0.02143,14.82,14.82,172000.0,20.3,29,APO*
735,(2017 FU2),2017-Mar-16 20:48 ±,7.26/0.01865,7.22/0.01856,8.06,8.04,360.0,27.8,1,APO*
736,(2017 FW2),2017-Mar-16 23:55 ±,5.00/0.01285,4.99/0.01283,13.94,13.92,1130.0,25.6,2,ATE*
737,(2017 FY),2017-Mar-17 03:49 ±,18.91/0.04860,18.74/0.04816,7.74,7.73,197.0,24.8,3,APO*
738,(2017 EG3),2017-Mar-17 10:57 ±   00:05,4.38/0.01126,4.35/0.01118,8.27,8.24,250.0,26.4,1,APO*
739,(2017 FD3),2017-Mar-17 14:29 ±,0.47/0.00120,0.47/0.00120,11.58,11.39,967.0,27.7,1,APO*
740,(2017 FA3),2017-Mar-17 14:51 ±,1.72/0.00441,1.71/0.00439,12.78,12.74,474.0,28.1,1,APO*
741,(2017 FQ63),2017-Mar-17 18:58 ±,7.37/0.01894,7.35/0.01888,8.43,8.42,582.0,25.5,2,APO*
742,(2017 FS),2017-Mar-19 03:33 ±,0.28/0.00073,0.28/0.00073,20.05,19.86,1050.0,29.0,1,APO*
743,(2017 FK),2017-Mar-20 12:00 ±,1.74/0.00447,1.74/0.00446,9.86,9.8,2050.0,27.4,3,APO*
744,(2017 FR63),2017-Mar-20 13:07 ±   00:03,9.29/0.02388,9.26/0.02380,5.7,5.68,509.0,26.0,1,ATE*
745,(2017 FN1),2017-Mar-20 21:02 ±,0.16/0.00042,0.16/0.00042,18.27,17.92,1390.0,30.6,2,APO*
746,(2017 FM1),2017-Mar-20 22:38 ±,0.33/0.00086,0.33/0.00086,10.42,10.12,2350.0,29.5,1,APO*
747,(2017 FJ),2017-Mar-21 15:02 ±,1.98/0.00510,1.98/0.00509,9.26,9.21,1740.0,28.1,4,APO*
748,(2017 FL1),2017-Mar-21 18:48 ±,17.85/0.04587,17.80/0.04573,7.12,7.11,555.0,24.4,3,AMO*
749,(2017 FO),2017-Mar-21 21:45 ±,12.18/0.03131,12.03/0.03092,10.09,10.08,155.0,26.4,2,APO*
750,(2017 FC1),2017-Mar-22 20:44 ±,15.63/0.04016,15.58/0.04003,7.37,7.36,539.0,25.9,4,AMO*
751,(2017 FJ3),2017-Mar-22 20:59 ±   00:03,2.57/0.00661,2.57/0.00660,2.26,2.07,701.0,29.9,1,APO*
752,(2017 FZ2),2017-Mar-23 20:42 ±,1.70/0.00437,1.70/0.00437,8.46,8.39,4350.0,26.7,2,ATE*
